"seller","day_of_week","income"
AbrahamBennet,Sunday   ,16683061
AbrahamBennet,Sunday   ,19788390
AbrahamBennet,Sunday   ,11139121
AbrahamBennet,Sunday   ,16908575
AbrahamBennet,Sunday   ,21347937
AbrahamBennet,Sunday   ,20147122
AbrahamBennet,Sunday   ,12096793
AbrahamBennet,Sunday   ,16587825
AbrahamBennet,Sunday   ,21066885
AbrahamBennet,Sunday   ,15311396
AbrahamBennet,Sunday   ,23145399
AbrahamBennet,Sunday   ,15079773
AbrahamBennet,Sunday   ,10446275
AbrahamBennet,Sunday   ,12580195
AlbertRinger,Sunday   ,29064582
AlbertRinger,Sunday   ,36161874
AlbertRinger,Sunday   ,20192637
AlbertRinger,Sunday   ,24462884
AlbertRinger,Sunday   ,19176579
AlbertRinger,Sunday   ,26172999
AlbertRinger,Sunday   ,31030884
AlbertRinger,Sunday   ,20860615
AlbertRinger,Sunday   ,28183504
AlbertRinger,Sunday   ,28737232
AlbertRinger,Sunday   ,26545905
AlbertRinger,Sunday   ,26001205
AlbertRinger,Sunday   ,22224894
AlbertRinger,Sunday   ,24169694
AnnDull,Sunday   ,2634778
AnnDull,Sunday   ,2699909
AnnDull,Sunday   ,2651217
AnnDull,Sunday   ,2916030
AnnDull,Sunday   ,2426779
AnnDull,Sunday   ,1987467
AnnDull,Sunday   ,3293160
AnnDull,Sunday   ,1844599
AnnDull,Sunday   ,2048142
AnnDull,Sunday   ,2030766
AnnDull,Sunday   ,2152427
AnnDull,Sunday   ,2519706
AnnDull,Sunday   ,2677479
AnnDull,Sunday   ,2255829
AnneRinger,Sunday   ,2665836
AnneRinger,Sunday   ,2420638
AnneRinger,Sunday   ,3591135
AnneRinger,Sunday   ,3919111
AnneRinger,Sunday   ,3839468
AnneRinger,Sunday   ,3309250
AnneRinger,Sunday   ,2540103
AnneRinger,Sunday   ,3796512
AnneRinger,Sunday   ,5533914
AnneRinger,Sunday   ,3551314
AnneRinger,Sunday   ,3670779
AnneRinger,Sunday   ,4360283
AnneRinger,Sunday   ,3107008
AnneRinger,Sunday   ,2745479
BurtGringlesby,Sunday   ,12109294
BurtGringlesby,Sunday   ,6283398
BurtGringlesby,Sunday   ,10530395
BurtGringlesby,Sunday   ,5524837
BurtGringlesby,Sunday   ,6428361
BurtGringlesby,Sunday   ,8063926
BurtGringlesby,Sunday   ,8856899
BurtGringlesby,Sunday   ,6122302
BurtGringlesby,Sunday   ,9645608
BurtGringlesby,Sunday   ,7868141
BurtGringlesby,Sunday   ,4517342
BurtGringlesby,Sunday   ,7253241
BurtGringlesby,Sunday   ,7891142
BurtGringlesby,Sunday   ,11687396
CharleneLocksley,Sunday   ,6279609
CharleneLocksley,Sunday   ,8792064
CharleneLocksley,Sunday   ,7024115
CharleneLocksley,Sunday   ,7157973
CharleneLocksley,Sunday   ,6894335
CharleneLocksley,Sunday   ,5322457
CharleneLocksley,Sunday   ,5770945
CharleneLocksley,Sunday   ,6520551
CharleneLocksley,Sunday   ,5317358
CharleneLocksley,Sunday   ,5829587
CharleneLocksley,Sunday   ,6061865
CharleneLocksley,Sunday   ,7676323
CharleneLocksley,Sunday   ,6628659
CharleneLocksley,Sunday   ,8469274
CherylCarson,Sunday   ,4764320
CherylCarson,Sunday   ,2969948
CherylCarson,Sunday   ,4614713
CherylCarson,Sunday   ,4847042
CherylCarson,Sunday   ,7449444
CherylCarson,Sunday   ,4349912
CherylCarson,Sunday   ,5687163
CherylCarson,Sunday   ,5755572
CherylCarson,Sunday   ,5029121
CherylCarson,Sunday   ,4983781
CherylCarson,Sunday   ,5157943
CherylCarson,Sunday   ,6102332
CherylCarson,Sunday   ,4217322
CherylCarson,Sunday   ,3624984
DeanStraight,Sunday   ,11637356
DeanStraight,Sunday   ,16059511
DeanStraight,Sunday   ,12166343
DeanStraight,Sunday   ,13269406
DeanStraight,Sunday   ,10265668
DeanStraight,Sunday   ,10474761
DeanStraight,Sunday   ,14025329
DeanStraight,Sunday   ,10020219
DeanStraight,Sunday   ,11449234
DeanStraight,Sunday   ,10217007
DeanStraight,Sunday   ,14771135
DeanStraight,Sunday   ,14096844
DeanStraight,Sunday   ,13603649
DeanStraight,Sunday   ,14816544
DirkStringer,Sunday   ,50889267
DirkStringer,Sunday   ,48013015
DirkStringer,Sunday   ,50190040
DirkStringer,Sunday   ,52089909
DirkStringer,Sunday   ,49213657
DirkStringer,Sunday   ,51139975
DirkStringer,Sunday   ,36903631
DirkStringer,Sunday   ,57644601
DirkStringer,Sunday   ,48962950
DirkStringer,Sunday   ,32576029
DirkStringer,Sunday   ,79111247
DirkStringer,Sunday   ,45361023
DirkStringer,Sunday   ,57644601
DirkStringer,Sunday   ,39080656
HeatherMcBadden,Sunday   ,22672407
HeatherMcBadden,Sunday   ,20044773
HeatherMcBadden,Sunday   ,13424900
HeatherMcBadden,Sunday   ,23060992
HeatherMcBadden,Sunday   ,22654923
HeatherMcBadden,Sunday   ,23989939
HeatherMcBadden,Sunday   ,14195121
HeatherMcBadden,Sunday   ,20770924
HeatherMcBadden,Sunday   ,11075161
HeatherMcBadden,Sunday   ,17251073
HeatherMcBadden,Sunday   ,16690650
HeatherMcBadden,Sunday   ,19910010
HeatherMcBadden,Sunday   ,19618307
HeatherMcBadden,Sunday   ,21099203
Innesdel Castillo,Sunday   ,18076535
Innesdel Castillo,Sunday   ,22265948
Innesdel Castillo,Sunday   ,16351426
Innesdel Castillo,Sunday   ,20034998
Innesdel Castillo,Sunday   ,15510382
Innesdel Castillo,Sunday   ,19619873
Innesdel Castillo,Sunday   ,24353339
Innesdel Castillo,Sunday   ,13992520
Innesdel Castillo,Sunday   ,11723357
Innesdel Castillo,Sunday   ,14303851
Innesdel Castillo,Sunday   ,13332276
Innesdel Castillo,Sunday   ,27101264
Innesdel Castillo,Sunday   ,17649986
Innesdel Castillo,Sunday   ,10363735
JohnsonWhite,Sunday   ,5826805
JohnsonWhite,Sunday   ,6565113
JohnsonWhite,Sunday   ,6343055
JohnsonWhite,Sunday   ,5108512
JohnsonWhite,Sunday   ,4247426
JohnsonWhite,Sunday   ,5458343
JohnsonWhite,Sunday   ,4086606
JohnsonWhite,Sunday   ,8991391
JohnsonWhite,Sunday   ,5725852
JohnsonWhite,Sunday   ,8019463
JohnsonWhite,Sunday   ,6795008
JohnsonWhite,Sunday   ,7642386
JohnsonWhite,Sunday   ,8618642
JohnsonWhite,Sunday   ,5505380
LiviaKarsen,Sunday   ,16208663
LiviaKarsen,Sunday   ,10539386
LiviaKarsen,Sunday   ,8388958
LiviaKarsen,Sunday   ,4082593
LiviaKarsen,Sunday   ,10152201
LiviaKarsen,Sunday   ,10833697
LiviaKarsen,Sunday   ,11053795
LiviaKarsen,Sunday   ,8950158
LiviaKarsen,Sunday   ,2713463
LiviaKarsen,Sunday   ,14452348
LiviaKarsen,Sunday   ,8205050
LiviaKarsen,Sunday   ,16850295
LiviaKarsen,Sunday   ,12065002
LiviaKarsen,Sunday   ,3479775
MarjorieGreen,Sunday   ,7659702
MarjorieGreen,Sunday   ,5592534
MarjorieGreen,Sunday   ,9097001
MarjorieGreen,Sunday   ,6375061
MarjorieGreen,Sunday   ,9673834
MarjorieGreen,Sunday   ,5143455
MarjorieGreen,Sunday   ,8710742
MarjorieGreen,Sunday   ,8532066
MarjorieGreen,Sunday   ,8982035
MarjorieGreen,Sunday   ,4950326
MarjorieGreen,Sunday   ,7066859
MarjorieGreen,Sunday   ,8661152
MarjorieGreen,Sunday   ,8958797
MarjorieGreen,Sunday   ,5411969
MeanderSmith,Sunday   ,4679474
MeanderSmith,Sunday   ,1934348
MeanderSmith,Sunday   ,4007742
MeanderSmith,Sunday   ,2668015
MeanderSmith,Sunday   ,4987914
MeanderSmith,Sunday   ,3720196
MeanderSmith,Sunday   ,2925341
MeanderSmith,Sunday   ,5072238
MeanderSmith,Sunday   ,4350139
MeanderSmith,Sunday   ,3338252
MeanderSmith,Sunday   ,4710441
MeanderSmith,Sunday   ,6371671
MeanderSmith,Sunday   ,4679474
MeanderSmith,Sunday   ,3233034
MichaelO'Leary,Sunday   ,13048668
MichaelO'Leary,Sunday   ,7911634
MichaelO'Leary,Sunday   ,6995927
MichaelO'Leary,Sunday   ,9623979
MichaelO'Leary,Sunday   ,12169598
MichaelO'Leary,Sunday   ,5329378
MichaelO'Leary,Sunday   ,7920793
MichaelO'Leary,Sunday   ,9569024
MichaelO'Leary,Sunday   ,13946057
MichaelO'Leary,Sunday   ,7948271
MichaelO'Leary,Sunday   ,6199289
MichaelO'Leary,Sunday   ,12197076
MichaelO'Leary,Sunday   ,6968449
MichaelO'Leary,Sunday   ,6153493
MichelDeFrance,Sunday   ,32944951
MichelDeFrance,Sunday   ,38532270
MichelDeFrance,Sunday   ,30175700
MichelDeFrance,Sunday   ,40304991
MichelDeFrance,Sunday   ,25567988
MichelDeFrance,Sunday   ,25525978
MichelDeFrance,Sunday   ,34140826
MichelDeFrance,Sunday   ,19670858
MichelDeFrance,Sunday   ,35110145
MichelDeFrance,Sunday   ,33035780
MichelDeFrance,Sunday   ,36665242
MichelDeFrance,Sunday   ,22038112
MichelDeFrance,Sunday   ,29472650
MichelDeFrance,Sunday   ,35135999
MorningstarGreene,Sunday   ,6571522
MorningstarGreene,Sunday   ,3663125
MorningstarGreene,Sunday   ,4933133
MorningstarGreene,Sunday   ,4416310
MorningstarGreene,Sunday   ,3687482
MorningstarGreene,Sunday   ,5788118
MorningstarGreene,Sunday   ,6506739
MorningstarGreene,Sunday   ,4895257
MorningstarGreene,Sunday   ,3626910
MorningstarGreene,Sunday   ,3604400
MorningstarGreene,Sunday   ,5083448
MorningstarGreene,Sunday   ,6036363
MorningstarGreene,Sunday   ,4548475
MorningstarGreene,Sunday   ,5111770
ReginaldBlotchet-Halls,Sunday   ,5577538
ReginaldBlotchet-Halls,Sunday   ,4458906
ReginaldBlotchet-Halls,Sunday   ,6035702
ReginaldBlotchet-Halls,Sunday   ,6384218
ReginaldBlotchet-Halls,Sunday   ,6589152
ReginaldBlotchet-Halls,Sunday   ,7680374
ReginaldBlotchet-Halls,Sunday   ,5257747
ReginaldBlotchet-Halls,Sunday   ,6273259
ReginaldBlotchet-Halls,Sunday   ,5591901
ReginaldBlotchet-Halls,Sunday   ,4474582
ReginaldBlotchet-Halls,Sunday   ,5828143
ReginaldBlotchet-Halls,Sunday   ,6151874
ReginaldBlotchet-Halls,Sunday   ,4650788
ReginaldBlotchet-Halls,Sunday   ,5542286
SherylHunter,Sunday   ,9106647
SherylHunter,Sunday   ,10199301
SherylHunter,Sunday   ,10389904
SherylHunter,Sunday   ,11135641
SherylHunter,Sunday   ,13814241
SherylHunter,Sunday   ,8339744
SherylHunter,Sunday   ,10941136
SherylHunter,Sunday   ,7657560
SherylHunter,Sunday   ,8621212
SherylHunter,Sunday   ,12103195
SherylHunter,Sunday   ,11709989
SherylHunter,Sunday   ,14324743
SherylHunter,Sunday   ,10199301
SherylHunter,Sunday   ,9971924
StearnsMacFeather,Sunday   ,2144324
StearnsMacFeather,Sunday   ,1732126
StearnsMacFeather,Sunday   ,1795669
StearnsMacFeather,Sunday   ,1736685
StearnsMacFeather,Sunday   ,1514356
StearnsMacFeather,Sunday   ,2202793
StearnsMacFeather,Sunday   ,2987809
StearnsMacFeather,Sunday   ,1294285
StearnsMacFeather,Sunday   ,1812782
StearnsMacFeather,Sunday   ,1993591
StearnsMacFeather,Sunday   ,2923629
StearnsMacFeather,Sunday   ,1358941
StearnsMacFeather,Sunday   ,2230857
StearnsMacFeather,Sunday   ,1703589
SylviaPanteley,Sunday   ,5782736
SylviaPanteley,Sunday   ,7224894
SylviaPanteley,Sunday   ,6586751
SylviaPanteley,Sunday   ,6422990
SylviaPanteley,Sunday   ,4033109
SylviaPanteley,Sunday   ,7122514
SylviaPanteley,Sunday   ,8478835
SylviaPanteley,Sunday   ,8598979
SylviaPanteley,Sunday   ,4138077
SylviaPanteley,Sunday   ,7657354
SylviaPanteley,Sunday   ,5468989
SylviaPanteley,Sunday   ,8452503
SylviaPanteley,Sunday   ,7325398
SylviaPanteley,Sunday   ,8044085
AbrahamBennet,Monday   ,16384163
AbrahamBennet,Monday   ,19687184
AbrahamBennet,Monday   ,20349447
AbrahamBennet,Monday   ,14293368
AbrahamBennet,Monday   ,19081231
AbrahamBennet,Monday   ,9932043
AbrahamBennet,Monday   ,14425997
AbrahamBennet,Monday   ,15735722
AbrahamBennet,Monday   ,16509283
AbrahamBennet,Monday   ,19671740
AbrahamBennet,Monday   ,13644722
AbrahamBennet,Monday   ,15203984
AbrahamBennet,Monday   ,13428763
AbrahamBennet,Monday   ,10012033
AbrahamBennet,Monday   ,13485559
AlbertRinger,Monday   ,26095767
AlbertRinger,Monday   ,26778061
AlbertRinger,Monday   ,19939383
AlbertRinger,Monday   ,21975272
AlbertRinger,Monday   ,26993333
AlbertRinger,Monday   ,14698449
AlbertRinger,Monday   ,25456686
AlbertRinger,Monday   ,29910072
AlbertRinger,Monday   ,28254711
AlbertRinger,Monday   ,21742841
AlbertRinger,Monday   ,28015438
AlbertRinger,Monday   ,22041143
AlbertRinger,Monday   ,39988014
AlbertRinger,Monday   ,29268566
AlbertRinger,Monday   ,31220302
AnnDull,Monday   ,2272865
AnnDull,Monday   ,2251059
AnnDull,Monday   ,2326924
AnnDull,Monday   ,2487167
AnnDull,Monday   ,2794085
AnnDull,Monday   ,2168865
AnnDull,Monday   ,2465335
AnnDull,Monday   ,3271042
AnnDull,Monday   ,2712203
AnnDull,Monday   ,2689773
AnnDull,Monday   ,2954301
AnnDull,Monday   ,2322181
AnnDull,Monday   ,3073179
AnnDull,Monday   ,2810497
AnnDull,Monday   ,3057365
AnneRinger,Monday   ,2864944
AnneRinger,Monday   ,3392027
AnneRinger,Monday   ,4118219
AnneRinger,Monday   ,3677047
AnneRinger,Monday   ,2907900
AnneRinger,Monday   ,3836333
AnneRinger,Monday   ,4038576
AnneRinger,Monday   ,3958932
AnneRinger,Monday   ,4602346
AnneRinger,Monday   ,4121353
AnneRinger,Monday   ,2947721
AnneRinger,Monday   ,4081531
AnneRinger,Monday   ,3879289
AnneRinger,Monday   ,1936510
AnneRinger,Monday   ,3024230
BurtGringlesby,Monday   ,6421035
BurtGringlesby,Monday   ,9162958
BurtGringlesby,Monday   ,7760651
BurtGringlesby,Monday   ,8707672
BurtGringlesby,Monday   ,9049902
BurtGringlesby,Monday   ,6562937
BurtGringlesby,Monday   ,5394803
BurtGringlesby,Monday   ,9219625
BurtGringlesby,Monday   ,8111966
BurtGringlesby,Monday   ,9467535
BurtGringlesby,Monday   ,7296738
BurtGringlesby,Monday   ,8893349
BurtGringlesby,Monday   ,7370839
BurtGringlesby,Monday   ,7904312
BurtGringlesby,Monday   ,7105494
CharleneLocksley,Monday   ,5128936
CharleneLocksley,Monday   ,7367556
CharleneLocksley,Monday   ,6596278
CharleneLocksley,Monday   ,8144956
CharleneLocksley,Monday   ,5268915
CharleneLocksley,Monday   ,6548345
CharleneLocksley,Monday   ,9104145
CharleneLocksley,Monday   ,5946109
CharleneLocksley,Monday   ,8572282
CharleneLocksley,Monday   ,7851997
CharleneLocksley,Monday   ,6501940
CharleneLocksley,Monday   ,6601377
CharleneLocksley,Monday   ,8306095
CharleneLocksley,Monday   ,6782150
CharleneLocksley,Monday   ,9729581
CherylCarson,Monday   ,5936890
CherylCarson,Monday   ,4407318
CherylCarson,Monday   ,4424716
CherylCarson,Monday   ,4821726
CherylCarson,Monday   ,6333900
CherylCarson,Monday   ,6205078
CherylCarson,Monday   ,6205839
CherylCarson,Monday   ,5315087
CherylCarson,Monday   ,3670323
CherylCarson,Monday   ,7613745
CherylCarson,Monday   ,6044546
CherylCarson,Monday   ,4146286
CherylCarson,Monday   ,4910540
CherylCarson,Monday   ,5389891
CherylCarson,Monday   ,2551772
DeanStraight,Monday   ,15326227
DeanStraight,Monday   ,10419113
DeanStraight,Monday   ,10724538
DeanStraight,Monday   ,10529994
DeanStraight,Monday   ,11365372
DeanStraight,Monday   ,11789376
DeanStraight,Monday   ,14515866
DeanStraight,Monday   ,12918839
DeanStraight,Monday   ,11456382
DeanStraight,Monday   ,13754796
DeanStraight,Monday   ,12737556
DeanStraight,Monday   ,13881007
DeanStraight,Monday   ,17417198
DeanStraight,Monday   ,11905939
DeanStraight,Monday   ,13807973
DirkStringer,Monday   ,47511600
DirkStringer,Monday   ,56193251
DirkStringer,Monday   ,48962950
DirkStringer,Monday   ,51139975
DirkStringer,Monday   ,48013015
DirkStringer,Monday   ,49688625
DirkStringer,Monday   ,55968992
DirkStringer,Monday   ,52340617
DirkStringer,Monday   ,28472687
DirkStringer,Monday   ,43909673
DirkStringer,Monday   ,67051928
DirkStringer,Monday   ,53066292
DirkStringer,Monday   ,63199293
DirkStringer,Monday   ,52340617
DirkStringer,Monday   ,41481941
HeatherMcBadden,Monday   ,22684005
HeatherMcBadden,Monday   ,15069896
HeatherMcBadden,Monday   ,20906735
HeatherMcBadden,Monday   ,18314124
HeatherMcBadden,Monday   ,18991189
HeatherMcBadden,Monday   ,15182089
HeatherMcBadden,Monday   ,20404419
HeatherMcBadden,Monday   ,26181677
HeatherMcBadden,Monday   ,15195961
HeatherMcBadden,Monday   ,19061597
HeatherMcBadden,Monday   ,24681656
HeatherMcBadden,Monday   ,19216564
HeatherMcBadden,Monday   ,16826626
HeatherMcBadden,Monday   ,19190861
HeatherMcBadden,Monday   ,21107242
Innesdel Castillo,Monday   ,11386551
Innesdel Castillo,Monday   ,22978405
Innesdel Castillo,Monday   ,16716283
Innesdel Castillo,Monday   ,16247973
Innesdel Castillo,Monday   ,22771158
Innesdel Castillo,Monday   ,21642314
Innesdel Castillo,Monday   ,24093249
Innesdel Castillo,Monday   ,20878617
Innesdel Castillo,Monday   ,15160207
Innesdel Castillo,Monday   ,14938620
Innesdel Castillo,Monday   ,12217773
Innesdel Castillo,Monday   ,14654026
Innesdel Castillo,Monday   ,14394907
Innesdel Castillo,Monday   ,16339660
Innesdel Castillo,Monday   ,16573014
JohnsonWhite,Monday   ,7521541
JohnsonWhite,Monday   ,8465661
JohnsonWhite,Monday   ,5077972
JohnsonWhite,Monday   ,9958601
JohnsonWhite,Monday   ,4928814
JohnsonWhite,Monday   ,7958762
JohnsonWhite,Monday   ,4546079
JohnsonWhite,Monday   ,8032192
JohnsonWhite,Monday   ,6627161
JohnsonWhite,Monday   ,6304533
JohnsonWhite,Monday   ,5120362
JohnsonWhite,Monday   ,6093415
JohnsonWhite,Monday   ,7753645
JohnsonWhite,Monday   ,5324180
JohnsonWhite,Monday   ,4847863
LiviaKarsen,Monday   ,7921341
LiviaKarsen,Monday   ,5111411
LiviaKarsen,Monday   ,8897148
LiviaKarsen,Monday   ,8340332
LiviaKarsen,Monday   ,10245075
LiviaKarsen,Monday   ,9762472
LiviaKarsen,Monday   ,10759483
LiviaKarsen,Monday   ,10475774
LiviaKarsen,Monday   ,8169651
LiviaKarsen,Monday   ,8981964
LiviaKarsen,Monday   ,8928954
LiviaKarsen,Monday   ,10245075
LiviaKarsen,Monday   ,5015993
LiviaKarsen,Monday   ,7392737
LiviaKarsen,Monday   ,12139216
MarjorieGreen,Monday   ,8197953
MarjorieGreen,Monday   ,6826254
MarjorieGreen,Monday   ,4925531
MarjorieGreen,Monday   ,5913418
MarjorieGreen,Monday   ,8274560
MarjorieGreen,Monday   ,4090526
MarjorieGreen,Monday   ,8467690
MarjorieGreen,Monday   ,5207832
MarjorieGreen,Monday   ,4951882
MarjorieGreen,Monday   ,7173264
MarjorieGreen,Monday   ,8020500
MarjorieGreen,Monday   ,6401745
MarjorieGreen,Monday   ,8698511
MarjorieGreen,Monday   ,5425756
MarjorieGreen,Monday   ,4964446
MeanderSmith,Monday   ,2317786
MeanderSmith,Monday   ,3698554
MeanderSmith,Monday   ,2658689
MeanderSmith,Monday   ,3092494
MeanderSmith,Monday   ,4049530
MeanderSmith,Monday   ,3955133
MeanderSmith,Monday   ,2317039
MeanderSmith,Monday   ,3327431
MeanderSmith,Monday   ,3222214
MeanderSmith,Monday   ,3764226
MeanderSmith,Monday   ,5102458
MeanderSmith,Monday   ,3616472
MeanderSmith,Monday   ,5052091
MeanderSmith,Monday   ,2977203
MeanderSmith,Monday   ,3008917
MichaelO'Leary,Monday   ,11290528
MichaelO'Leary,Monday   ,7939111
MichaelO'Leary,Monday   ,10457253
MichaelO'Leary,Monday   ,10493890
MichaelO'Leary,Monday   ,7032563
MichaelO'Leary,Monday   ,14761013
MichaelO'Leary,Monday   ,6977608
MichaelO'Leary,Monday   ,11336324
MichaelO'Leary,Monday   ,8744908
MichaelO'Leary,Monday   ,10438935
MichaelO'Leary,Monday   ,7014245
MichaelO'Leary,Monday   ,13891102
MichaelO'Leary,Monday   ,4459467
MichaelO'Leary,Monday   ,5347696
MichaelO'Leary,Monday   ,7911634
MichelDeFrance,Monday   ,28143345
MichelDeFrance,Monday   ,25893364
MichelDeFrance,Monday   ,40864914
MichelDeFrance,Monday   ,33563215
MichelDeFrance,Monday   ,31028512
MichelDeFrance,Monday   ,27148172
MichelDeFrance,Monday   ,29515426
MichelDeFrance,Monday   ,30410247
MichelDeFrance,Monday   ,37327638
MichelDeFrance,Monday   ,35118311
MichelDeFrance,Monday   ,38697597
MichelDeFrance,Monday   ,22213727
MichelDeFrance,Monday   ,34307510
MichelDeFrance,Monday   ,33312337
MichelDeFrance,Monday   ,32040607
MorningstarGreene,Monday   ,4313995
MorningstarGreene,Monday   ,3496642
MorningstarGreene,Monday   ,3133828
MorningstarGreene,Monday   ,2823176
MorningstarGreene,Monday   ,5322841
MorningstarGreene,Monday   ,3929337
MorningstarGreene,Monday   ,4546062
MorningstarGreene,Monday   ,4975162
MorningstarGreene,Monday   ,4072755
MorningstarGreene,Monday   ,4132231
MorningstarGreene,Monday   ,7024879
MorningstarGreene,Monday   ,3690979
MorningstarGreene,Monday   ,4449411
MorningstarGreene,Monday   ,5105010
MorningstarGreene,Monday   ,6364983
ReginaldBlotchet-Halls,Monday   ,7530268
ReginaldBlotchet-Halls,Monday   ,4977103
ReginaldBlotchet-Halls,Monday   ,7741722
ReginaldBlotchet-Halls,Monday   ,7891832
ReginaldBlotchet-Halls,Monday   ,7168701
ReginaldBlotchet-Halls,Monday   ,7578565
ReginaldBlotchet-Halls,Monday   ,5952154
ReginaldBlotchet-Halls,Monday   ,9223237
ReginaldBlotchet-Halls,Monday   ,5372605
ReginaldBlotchet-Halls,Monday   ,5380443
ReginaldBlotchet-Halls,Monday   ,5755058
ReginaldBlotchet-Halls,Monday   ,8353894
ReginaldBlotchet-Halls,Monday   ,9520827
ReginaldBlotchet-Halls,Monday   ,5535762
ReginaldBlotchet-Halls,Monday   ,5196399
SherylHunter,Monday   ,9821702
SherylHunter,Monday   ,11937365
SherylHunter,Monday   ,7468908
SherylHunter,Monday   ,11212850
SherylHunter,Monday   ,11149297
SherylHunter,Monday   ,11731155
SherylHunter,Monday   ,10916068
SherylHunter,Monday   ,9684897
SherylHunter,Monday   ,10293774
SherylHunter,Monday   ,10956449
SherylHunter,Monday   ,8732950
SherylHunter,Monday   ,9359146
SherylHunter,Monday   ,9964121
SherylHunter,Monday   ,10457359
SherylHunter,Monday   ,9615491
StearnsMacFeather,Monday   ,2233035
StearnsMacFeather,Monday   ,2251524
StearnsMacFeather,Monday   ,3127304
StearnsMacFeather,Monday   ,2326797
StearnsMacFeather,Monday   ,2290808
StearnsMacFeather,Monday   ,2399235
StearnsMacFeather,Monday   ,1580570
StearnsMacFeather,Monday   ,1362307
StearnsMacFeather,Monday   ,2109030
StearnsMacFeather,Monday   ,1115654
StearnsMacFeather,Monday   ,2528071
StearnsMacFeather,Monday   ,2338365
StearnsMacFeather,Monday   ,1513021
StearnsMacFeather,Monday   ,2083493
StearnsMacFeather,Monday   ,1519061
SylviaPanteley,Monday   ,4379732
SylviaPanteley,Monday   ,6168513
SylviaPanteley,Monday   ,3237037
SylviaPanteley,Monday   ,6449353
SylviaPanteley,Monday   ,6645990
SylviaPanteley,Monday   ,6799901
SylviaPanteley,Monday   ,5106776
SylviaPanteley,Monday   ,8888208
SylviaPanteley,Monday   ,8247923
SylviaPanteley,Monday   ,4866521
SylviaPanteley,Monday   ,6689101
SylviaPanteley,Monday   ,5845454
SylviaPanteley,Monday   ,8072051
SylviaPanteley,Monday   ,7928405
SylviaPanteley,Monday   ,7074463
AbrahamBennet,Tuesday  ,13162307
AbrahamBennet,Tuesday  ,20029447
AbrahamBennet,Tuesday  ,12264089
AbrahamBennet,Tuesday  ,14224105
AbrahamBennet,Tuesday  ,16995969
AbrahamBennet,Tuesday  ,16499640
AbrahamBennet,Tuesday  ,16603819
AbrahamBennet,Tuesday  ,21607321
AbrahamBennet,Tuesday  ,17427711
AbrahamBennet,Tuesday  ,18919715
AbrahamBennet,Tuesday  ,16131139
AbrahamBennet,Tuesday  ,23784730
AbrahamBennet,Tuesday  ,16748059
AbrahamBennet,Tuesday  ,18199024
AbrahamBennet,Tuesday  ,16460957
AlbertRinger,Tuesday  ,34051169
AlbertRinger,Tuesday  ,27775418
AlbertRinger,Tuesday  ,26227025
AlbertRinger,Tuesday  ,34321735
AlbertRinger,Tuesday  ,33919125
AlbertRinger,Tuesday  ,32908629
AlbertRinger,Tuesday  ,29840766
AlbertRinger,Tuesday  ,30043970
AlbertRinger,Tuesday  ,23718634
AlbertRinger,Tuesday  ,19590167
AlbertRinger,Tuesday  ,30275815
AlbertRinger,Tuesday  ,16727384
AlbertRinger,Tuesday  ,37916240
AlbertRinger,Tuesday  ,20062425
AlbertRinger,Tuesday  ,21643203
AnnDull,Tuesday  ,1520333
AnnDull,Tuesday  ,2399294
AnnDull,Tuesday  ,2458434
AnnDull,Tuesday  ,2255204
AnnDull,Tuesday  ,3193930
AnnDull,Tuesday  ,3085473
AnnDull,Tuesday  ,3013415
AnnDull,Tuesday  ,2189761
AnnDull,Tuesday  ,2859813
AnnDull,Tuesday  ,2672737
AnnDull,Tuesday  ,2810809
AnnDull,Tuesday  ,2168241
AnnDull,Tuesday  ,3259034
AnnDull,Tuesday  ,2536457
AnnDull,Tuesday  ,1674871
AnneRinger,Tuesday  ,3995620
AnneRinger,Tuesday  ,5129430
AnneRinger,Tuesday  ,3833199
AnneRinger,Tuesday  ,4562525
AnneRinger,Tuesday  ,3548180
AnneRinger,Tuesday  ,4118219
AnneRinger,Tuesday  ,4038576
AnneRinger,Tuesday  ,3548180
AnneRinger,Tuesday  ,2864944
AnneRinger,Tuesday  ,2055975
AnneRinger,Tuesday  ,2947721
AnneRinger,Tuesday  ,2901631
AnneRinger,Tuesday  ,3309250
AnneRinger,Tuesday  ,4363417
AnneRinger,Tuesday  ,4200996
BurtGringlesby,Tuesday  ,7731806
BurtGringlesby,Tuesday  ,8638113
BurtGringlesby,Tuesday  ,6699272
BurtGringlesby,Tuesday  ,8372768
BurtGringlesby,Tuesday  ,9109352
BurtGringlesby,Tuesday  ,8633570
BurtGringlesby,Tuesday  ,8081361
BurtGringlesby,Tuesday  ,4559079
BurtGringlesby,Tuesday  ,8408939
BurtGringlesby,Tuesday  ,7601037
BurtGringlesby,Tuesday  ,7651859
BurtGringlesby,Tuesday  ,5813461
BurtGringlesby,Tuesday  ,8046214
BurtGringlesby,Tuesday  ,7710286
BurtGringlesby,Tuesday  ,7396902
CharleneLocksley,Tuesday  ,6168440
CharleneLocksley,Tuesday  ,6598827
CharleneLocksley,Tuesday  ,8260201
CharleneLocksley,Tuesday  ,8382838
CharleneLocksley,Tuesday  ,6144729
CharleneLocksley,Tuesday  ,5290587
CharleneLocksley,Tuesday  ,5854831
CharleneLocksley,Tuesday  ,6575116
CharleneLocksley,Tuesday  ,7580711
CharleneLocksley,Tuesday  ,5795678
CharleneLocksley,Tuesday  ,7424671
CharleneLocksley,Tuesday  ,7370617
CharleneLocksley,Tuesday  ,6309441
CharleneLocksley,Tuesday  ,8298447
CharleneLocksley,Tuesday  ,6364511
CherylCarson,Tuesday  ,4085112
CherylCarson,Tuesday  ,3306165
CherylCarson,Tuesday  ,5369106
CherylCarson,Tuesday  ,4817958
CherylCarson,Tuesday  ,3073455
CherylCarson,Tuesday  ,7460749
CherylCarson,Tuesday  ,5000418
CherylCarson,Tuesday  ,5597666
CherylCarson,Tuesday  ,6309346
CherylCarson,Tuesday  ,1793991
CherylCarson,Tuesday  ,5479388
CherylCarson,Tuesday  ,7353093
CherylCarson,Tuesday  ,6620247
CherylCarson,Tuesday  ,6023760
CherylCarson,Tuesday  ,4615093
DeanStraight,Tuesday  ,13190555
DeanStraight,Tuesday  ,10795596
DeanStraight,Tuesday  ,11168130
DeanStraight,Tuesday  ,10092406
DeanStraight,Tuesday  ,13915225
DeanStraight,Tuesday  ,11292149
DeanStraight,Tuesday  ,12845186
DeanStraight,Tuesday  ,13445559
DeanStraight,Tuesday  ,12589649
DeanStraight,Tuesday  ,9466457
DeanStraight,Tuesday  ,12359677
DeanStraight,Tuesday  ,14244740
DeanStraight,Tuesday  ,10576320
DeanStraight,Tuesday  ,14882540
DeanStraight,Tuesday  ,12594902
DirkStringer,Tuesday  ,46561665
DirkStringer,Tuesday  ,54293382
DirkStringer,Tuesday  ,54992609
DirkStringer,Tuesday  ,66801220
DirkStringer,Tuesday  ,47511600
DirkStringer,Tuesday  ,43658965
DirkStringer,Tuesday  ,45835990
DirkStringer,Tuesday  ,37154339
DirkStringer,Tuesday  ,41006973
DirkStringer,Tuesday  ,55494024
DirkStringer,Tuesday  ,44635348
DirkStringer,Tuesday  ,44635348
DirkStringer,Tuesday  ,40532006
DirkStringer,Tuesday  ,46561665
DirkStringer,Tuesday  ,64874903
HeatherMcBadden,Tuesday  ,18141873
HeatherMcBadden,Tuesday  ,24765369
HeatherMcBadden,Tuesday  ,16833797
HeatherMcBadden,Tuesday  ,13369111
HeatherMcBadden,Tuesday  ,22587382
HeatherMcBadden,Tuesday  ,20339486
HeatherMcBadden,Tuesday  ,16687060
HeatherMcBadden,Tuesday  ,20795300
HeatherMcBadden,Tuesday  ,17828101
HeatherMcBadden,Tuesday  ,17175981
HeatherMcBadden,Tuesday  ,11631014
HeatherMcBadden,Tuesday  ,22387908
HeatherMcBadden,Tuesday  ,13461164
HeatherMcBadden,Tuesday  ,14947836
HeatherMcBadden,Tuesday  ,16940034
Innesdel Castillo,Tuesday  ,21240558
Innesdel Castillo,Tuesday  ,15536489
Innesdel Castillo,Tuesday  ,26697904
Innesdel Castillo,Tuesday  ,15548254
Innesdel Castillo,Tuesday  ,14756848
Innesdel Castillo,Tuesday  ,23145836
Innesdel Castillo,Tuesday  ,17247257
Innesdel Castillo,Tuesday  ,18102642
Innesdel Castillo,Tuesday  ,23368396
Innesdel Castillo,Tuesday  ,16404611
Innesdel Castillo,Tuesday  ,19504655
Innesdel Castillo,Tuesday  ,19841461
Innesdel Castillo,Tuesday  ,19645979
Innesdel Castillo,Tuesday  ,18350336
Innesdel Castillo,Tuesday  ,16082145
JohnsonWhite,Tuesday  ,7964950
JohnsonWhite,Tuesday  ,6829113
JohnsonWhite,Tuesday  ,4752982
JohnsonWhite,Tuesday  ,5756965
JohnsonWhite,Tuesday  ,7411751
JohnsonWhite,Tuesday  ,6124507
JohnsonWhite,Tuesday  ,8834683
JohnsonWhite,Tuesday  ,7406556
JohnsonWhite,Tuesday  ,8563104
JohnsonWhite,Tuesday  ,5535399
JohnsonWhite,Tuesday  ,5416301
JohnsonWhite,Tuesday  ,7596476
JohnsonWhite,Tuesday  ,4170997
JohnsonWhite,Tuesday  ,7378500
JohnsonWhite,Tuesday  ,6533304
LiviaKarsen,Tuesday  ,17311694
LiviaKarsen,Tuesday  ,12118012
LiviaKarsen,Tuesday  ,11866108
LiviaKarsen,Tuesday  ,2671055
LiviaKarsen,Tuesday  ,6175628
LiviaKarsen,Tuesday  ,10518182
LiviaKarsen,Tuesday  ,9947170
LiviaKarsen,Tuesday  ,9212664
LiviaKarsen,Tuesday  ,673439
LiviaKarsen,Tuesday  ,10266279
LiviaKarsen,Tuesday  ,8950158
LiviaKarsen,Tuesday  ,6342715
LiviaKarsen,Tuesday  ,12086206
LiviaKarsen,Tuesday  ,12884324
LiviaKarsen,Tuesday  ,14672445
MarjorieGreen,Tuesday  ,8315365
MarjorieGreen,Tuesday  ,6003255
MarjorieGreen,Tuesday  ,3910294
MarjorieGreen,Tuesday  ,8467690
MarjorieGreen,Tuesday  ,10163718
MarjorieGreen,Tuesday  ,7259989
MarjorieGreen,Tuesday  ,9379302
MarjorieGreen,Tuesday  ,7362948
MarjorieGreen,Tuesday  ,8354280
MarjorieGreen,Tuesday  ,6541173
MarjorieGreen,Tuesday  ,6285889
MarjorieGreen,Tuesday  ,4681812
MarjorieGreen,Tuesday  ,5631117
MarjorieGreen,Tuesday  ,5604765
MarjorieGreen,Tuesday  ,4527374
MeanderSmith,Tuesday  ,3659008
MeanderSmith,Tuesday  ,3347578
MeanderSmith,Tuesday  ,4359465
MeanderSmith,Tuesday  ,3348326
MeanderSmith,Tuesday  ,3689228
MeanderSmith,Tuesday  ,6837191
MeanderSmith,Tuesday  ,4391927
MeanderSmith,Tuesday  ,3720196
MeanderSmith,Tuesday  ,3615725
MeanderSmith,Tuesday  ,4721262
MeanderSmith,Tuesday  ,4752230
MeanderSmith,Tuesday  ,3935733
MeanderSmith,Tuesday  ,4475504
MeanderSmith,Tuesday  ,3988342
MeanderSmith,Tuesday  ,5072238
MichaelO'Leary,Tuesday  ,17361588
MichaelO'Leary,Tuesday  ,9651456
MichaelO'Leary,Tuesday  ,11308846
MichaelO'Leary,Tuesday  ,7893315
MichaelO'Leary,Tuesday  ,5283582
MichaelO'Leary,Tuesday  ,7957430
MichaelO'Leary,Tuesday  ,12197076
MichaelO'Leary,Tuesday  ,6135175
MichaelO'Leary,Tuesday  ,7920793
MichaelO'Leary,Tuesday  ,7847519
MichaelO'Leary,Tuesday  ,7014245
MichaelO'Leary,Tuesday  ,8772386
MichaelO'Leary,Tuesday  ,6135175
MichaelO'Leary,Tuesday  ,4441148
MichaelO'Leary,Tuesday  ,5338537
MichelDeFrance,Tuesday  ,26310926
MichelDeFrance,Tuesday  ,34047875
MichelDeFrance,Tuesday  ,32801233
MichelDeFrance,Tuesday  ,32985604
MichelDeFrance,Tuesday  ,28252452
MichelDeFrance,Tuesday  ,31890080
MichelDeFrance,Tuesday  ,22371654
MichelDeFrance,Tuesday  ,28110091
MichelDeFrance,Tuesday  ,24630391
MichelDeFrance,Tuesday  ,24973455
MichelDeFrance,Tuesday  ,40170795
MichelDeFrance,Tuesday  ,34165148
MichelDeFrance,Tuesday  ,32827677
MichelDeFrance,Tuesday  ,37309950
MichelDeFrance,Tuesday  ,36573056
MorningstarGreene,Tuesday  ,5219529
MorningstarGreene,Tuesday  ,3888579
MorningstarGreene,Tuesday  ,4991194
MorningstarGreene,Tuesday  ,4526581
MorningstarGreene,Tuesday  ,3253740
MorningstarGreene,Tuesday  ,6684156
MorningstarGreene,Tuesday  ,5276036
MorningstarGreene,Tuesday  ,3048862
MorningstarGreene,Tuesday  ,2879019
MorningstarGreene,Tuesday  ,4051662
MorningstarGreene,Tuesday  ,3305851
MorningstarGreene,Tuesday  ,4344817
MorningstarGreene,Tuesday  ,3212181
MorningstarGreene,Tuesday  ,6839482
MorningstarGreene,Tuesday  ,6215752
ReginaldBlotchet-Halls,Tuesday  ,8562765
ReginaldBlotchet-Halls,Tuesday  ,5148099
ReginaldBlotchet-Halls,Tuesday  ,6382907
ReginaldBlotchet-Halls,Tuesday  ,6610038
ReginaldBlotchet-Halls,Tuesday  ,7326649
ReginaldBlotchet-Halls,Tuesday  ,4439330
ReginaldBlotchet-Halls,Tuesday  ,5447004
ReginaldBlotchet-Halls,Tuesday  ,4051667
ReginaldBlotchet-Halls,Tuesday  ,7235258
ReginaldBlotchet-Halls,Tuesday  ,7448030
ReginaldBlotchet-Halls,Tuesday  ,5517502
ReginaldBlotchet-Halls,Tuesday  ,6187126
ReginaldBlotchet-Halls,Tuesday  ,5273424
ReginaldBlotchet-Halls,Tuesday  ,3934181
ReginaldBlotchet-Halls,Tuesday  ,5734172
SherylHunter,Tuesday  ,11910347
SherylHunter,Tuesday  ,9723327
SherylHunter,Tuesday  ,12068373
SherylHunter,Tuesday  ,9214776
SherylHunter,Tuesday  ,11998968
SherylHunter,Tuesday  ,13627246
SherylHunter,Tuesday  ,9891107
SherylHunter,Tuesday  ,11991164
SherylHunter,Tuesday  ,10567439
SherylHunter,Tuesday  ,9014125
SherylHunter,Tuesday  ,9025830
SherylHunter,Tuesday  ,9388115
SherylHunter,Tuesday  ,9914224
SherylHunter,Tuesday  ,15351655
SherylHunter,Tuesday  ,10068055
StearnsMacFeather,Tuesday  ,1647976
StearnsMacFeather,Tuesday  ,1389036
StearnsMacFeather,Tuesday  ,1589341
StearnsMacFeather,Tuesday  ,2334852
StearnsMacFeather,Tuesday  ,1493524
StearnsMacFeather,Tuesday  ,1721420
StearnsMacFeather,Tuesday  ,2171033
StearnsMacFeather,Tuesday  ,3212665
StearnsMacFeather,Tuesday  ,1965385
StearnsMacFeather,Tuesday  ,2241089
StearnsMacFeather,Tuesday  ,2485934
StearnsMacFeather,Tuesday  ,2008751
StearnsMacFeather,Tuesday  ,2545533
StearnsMacFeather,Tuesday  ,2128177
StearnsMacFeather,Tuesday  ,2121787
SylviaPanteley,Tuesday  ,6434178
SylviaPanteley,Tuesday  ,4543939
SylviaPanteley,Tuesday  ,7036677
SylviaPanteley,Tuesday  ,5918946
SylviaPanteley,Tuesday  ,7523944
SylviaPanteley,Tuesday  ,6824419
SylviaPanteley,Tuesday  ,7705850
SylviaPanteley,Tuesday  ,7301419
SylviaPanteley,Tuesday  ,7478926
SylviaPanteley,Tuesday  ,6591630
SylviaPanteley,Tuesday  ,7498056
SylviaPanteley,Tuesday  ,6569434
SylviaPanteley,Tuesday  ,3898298
SylviaPanteley,Tuesday  ,7955448
SylviaPanteley,Tuesday  ,6008738
AbrahamBennet,Wednesday,14507824
AbrahamBennet,Wednesday,22683225
AbrahamBennet,Wednesday,14631787
AbrahamBennet,Wednesday,17259606
AbrahamBennet,Wednesday,14253544
AbrahamBennet,Wednesday,15830734
AbrahamBennet,Wednesday,11087699
AbrahamBennet,Wednesday,17560172
AbrahamBennet,Wednesday,20344917
AbrahamBennet,Wednesday,9907273
AbrahamBennet,Wednesday,17103207
AbrahamBennet,Wednesday,13792675
AbrahamBennet,Wednesday,12599948
AbrahamBennet,Wednesday,13280202
AlbertRinger,Wednesday,30008011
AlbertRinger,Wednesday,22133359
AlbertRinger,Wednesday,28261261
AlbertRinger,Wednesday,34036060
AlbertRinger,Wednesday,38469654
AlbertRinger,Wednesday,24858998
AlbertRinger,Wednesday,22902821
AlbertRinger,Wednesday,26581538
AlbertRinger,Wednesday,34870029
AlbertRinger,Wednesday,32101947
AlbertRinger,Wednesday,28422551
AlbertRinger,Wednesday,30534329
AlbertRinger,Wednesday,32223207
AlbertRinger,Wednesday,18314662
AnnDull,Wednesday,1839830
AnnDull,Wednesday,2102513
AnnDull,Wednesday,3265052
AnnDull,Wednesday,2695764
AnnDull,Wednesday,2717257
AnnDull,Wednesday,2092065
AnnDull,Wednesday,2607579
AnnDull,Wednesday,2506815
AnnDull,Wednesday,2346145
AnnDull,Wednesday,3347219
AnnDull,Wednesday,2454602
AnnDull,Wednesday,2673646
AnnDull,Wednesday,2635402
AnnDull,Wednesday,2305118
AnneRinger,Wednesday,2907900
AnneRinger,Wednesday,2583059
AnneRinger,Wednesday,5291850
AnneRinger,Wednesday,2423772
AnneRinger,Wednesday,3839468
AnneRinger,Wednesday,2016154
AnneRinger,Wednesday,2622880
AnneRinger,Wednesday,4078397
AnneRinger,Wednesday,2907900
AnneRinger,Wednesday,4764767
AnneRinger,Wednesday,3511492
AnneRinger,Wednesday,3146829
AnneRinger,Wednesday,2861810
AnneRinger,Wednesday,3149964
BurtGringlesby,Wednesday,9660259
BurtGringlesby,Wednesday,9106569
BurtGringlesby,Wednesday,8095555
BurtGringlesby,Wednesday,10497286
BurtGringlesby,Wednesday,6346934
BurtGringlesby,Wednesday,8084144
BurtGringlesby,Wednesday,9541358
BurtGringlesby,Wednesday,9047118
BurtGringlesby,Wednesday,9806982
BurtGringlesby,Wednesday,6598084
BurtGringlesby,Wednesday,10466402
BurtGringlesby,Wednesday,5662931
BurtGringlesby,Wednesday,8107423
BurtGringlesby,Wednesday,8026453
CharleneLocksley,Wednesday,8169178
CharleneLocksley,Wednesday,7746950
CharleneLocksley,Wednesday,7106468
CharleneLocksley,Wednesday,8459075
CharleneLocksley,Wednesday,6064415
CharleneLocksley,Wednesday,7792333
CharleneLocksley,Wednesday,7232677
CharleneLocksley,Wednesday,8488907
CharleneLocksley,Wednesday,6434627
CharleneLocksley,Wednesday,8894562
CharleneLocksley,Wednesday,7792844
CharleneLocksley,Wednesday,6174561
CharleneLocksley,Wednesday,9270384
CharleneLocksley,Wednesday,7104430
CherylCarson,Wednesday,3141103
CherylCarson,Wednesday,4897291
CherylCarson,Wednesday,3720192
CherylCarson,Wednesday,5845069
CherylCarson,Wednesday,4635117
CherylCarson,Wednesday,4735998
CherylCarson,Wednesday,4503669
CherylCarson,Wednesday,6512972
CherylCarson,Wednesday,5654692
CherylCarson,Wednesday,4950929
CherylCarson,Wednesday,4374847
CherylCarson,Wednesday,3799906
CherylCarson,Wednesday,4821346
CherylCarson,Wednesday,5136777
DeanStraight,Wednesday,9285846
DeanStraight,Wednesday,15346593
DeanStraight,Wednesday,8449944
DeanStraight,Wednesday,10345486
DeanStraight,Wednesday,12855372
DeanStraight,Wednesday,16759018
DeanStraight,Wednesday,11774409
DeanStraight,Wednesday,14399905
DeanStraight,Wednesday,12804439
DeanStraight,Wednesday,14720858
DeanStraight,Wednesday,7350777
DeanStraight,Wednesday,11795369
DeanStraight,Wednesday,9461619
DeanStraight,Wednesday,12743216
DirkStringer,Wednesday,29673329
DirkStringer,Wednesday,47762307
DirkStringer,Wednesday,48237275
DirkStringer,Wednesday,39555623
DirkStringer,Wednesday,31850354
DirkStringer,Wednesday,45835990
DirkStringer,Wednesday,30148297
DirkStringer,Wednesday,78385572
DirkStringer,Wednesday,41006973
DirkStringer,Wednesday,30649712
DirkStringer,Wednesday,61272976
DirkStringer,Wednesday,58845244
DirkStringer,Wednesday,45585283
DirkStringer,Wednesday,53567707
HeatherMcBadden,Wednesday,26011432
HeatherMcBadden,Wednesday,17306539
HeatherMcBadden,Wednesday,23924371
HeatherMcBadden,Wednesday,14830291
HeatherMcBadden,Wednesday,19474457
HeatherMcBadden,Wednesday,15713318
HeatherMcBadden,Wednesday,18924861
HeatherMcBadden,Wednesday,21342600
HeatherMcBadden,Wednesday,10585961
HeatherMcBadden,Wednesday,20993289
HeatherMcBadden,Wednesday,12905836
HeatherMcBadden,Wednesday,12370391
HeatherMcBadden,Wednesday,15305197
HeatherMcBadden,Wednesday,19791127
Innesdel Castillo,Wednesday,25155539
Innesdel Castillo,Wednesday,17338314
Innesdel Castillo,Wednesday,18687142
Innesdel Castillo,Wednesday,12306885
Innesdel Castillo,Wednesday,19373151
Innesdel Castillo,Wednesday,19400230
Innesdel Castillo,Wednesday,12993867
Innesdel Castillo,Wednesday,15199051
Innesdel Castillo,Wednesday,11659379
Innesdel Castillo,Wednesday,24652274
Innesdel Castillo,Wednesday,13162270
Innesdel Castillo,Wednesday,20255614
Innesdel Castillo,Wednesday,17234861
Innesdel Castillo,Wednesday,18311492
JohnsonWhite,Wednesday,3949367
JohnsonWhite,Wednesday,8071636
JohnsonWhite,Wednesday,5035919
JohnsonWhite,Wednesday,7637780
JohnsonWhite,Wednesday,8111714
JohnsonWhite,Wednesday,5890856
JohnsonWhite,Wednesday,4998944
JohnsonWhite,Wednesday,5599162
JohnsonWhite,Wednesday,4354487
JohnsonWhite,Wednesday,8920670
JohnsonWhite,Wednesday,6404160
JohnsonWhite,Wednesday,7627868
JohnsonWhite,Wednesday,5735002
JohnsonWhite,Wednesday,6699004
LiviaKarsen,Wednesday,10255677
LiviaKarsen,Wednesday,14356930
LiviaKarsen,Wednesday,16198061
LiviaKarsen,Wednesday,6594619
LiviaKarsen,Wednesday,15935555
LiviaKarsen,Wednesday,11624807
LiviaKarsen,Wednesday,4628808
LiviaKarsen,Wednesday,12767702
LiviaKarsen,Wednesday,9971967
LiviaKarsen,Wednesday,14388736
LiviaKarsen,Wednesday,9297480
LiviaKarsen,Wednesday,11897914
LiviaKarsen,Wednesday,4565196
LiviaKarsen,Wednesday,14179240
MarjorieGreen,Wednesday,6093983
MarjorieGreen,Wednesday,4977344
MarjorieGreen,Wednesday,6208283
MarjorieGreen,Wednesday,5516484
MarjorieGreen,Wednesday,6272659
MarjorieGreen,Wednesday,5914084
MarjorieGreen,Wednesday,6555293
MarjorieGreen,Wednesday,6914868
MarjorieGreen,Wednesday,9290688
MarjorieGreen,Wednesday,9713082
MarjorieGreen,Wednesday,7723746
MarjorieGreen,Wednesday,7273776
MarjorieGreen,Wednesday,5708057
MarjorieGreen,Wednesday,6787005
MeanderSmith,Wednesday,2531829
MeanderSmith,Wednesday,2668015
MeanderSmith,Wednesday,3965954
MeanderSmith,Wednesday,5083059
MeanderSmith,Wednesday,4264321
MeanderSmith,Wednesday,2616153
MeanderSmith,Wednesday,3308032
MeanderSmith,Wednesday,3997669
MeanderSmith,Wednesday,4082740
MeanderSmith,Wednesday,2657194
MeanderSmith,Wednesday,3784373
MeanderSmith,Wednesday,4029383
MeanderSmith,Wednesday,3976775
MeanderSmith,Wednesday,2690403
MichaelO'Leary,Wednesday,10466412
MichaelO'Leary,Wednesday,12206235
MichaelO'Leary,Wednesday,10420616
MichaelO'Leary,Wednesday,11345483
MichaelO'Leary,Wednesday,8754068
MichaelO'Leary,Wednesday,9651456
MichaelO'Leary,Wednesday,7920793
MichaelO'Leary,Wednesday,10475572
MichaelO'Leary,Wednesday,9614820
MichaelO'Leary,Wednesday,7884156
MichaelO'Leary,Wednesday,9614820
MichaelO'Leary,Wednesday,7032563
MichaelO'Leary,Wednesday,9550705
MichaelO'Leary,Wednesday,9587342
MichelDeFrance,Wednesday,17948312
MichelDeFrance,Wednesday,34767847
MichelDeFrance,Wednesday,26755698
MichelDeFrance,Wednesday,32442603
MichelDeFrance,Wednesday,35720244
MichelDeFrance,Wednesday,22263137
MichelDeFrance,Wednesday,33420854
MichelDeFrance,Wednesday,32182968
MichelDeFrance,Wednesday,34507447
MichelDeFrance,Wednesday,31881323
MichelDeFrance,Wednesday,32952351
MichelDeFrance,Wednesday,28470077
MichelDeFrance,Wednesday,39985658
MichelDeFrance,Wednesday,35905381
MorningstarGreene,Wednesday,3280128
MorningstarGreene,Wednesday,3889194
MorningstarGreene,Wednesday,6022548
MorningstarGreene,Wednesday,4008391
MorningstarGreene,Wednesday,2068991
MorningstarGreene,Wednesday,3538816
MorningstarGreene,Wednesday,4797941
MorningstarGreene,Wednesday,5013653
MorningstarGreene,Wednesday,5342273
MorningstarGreene,Wednesday,5920134
MorningstarGreene,Wednesday,2808793
MorningstarGreene,Wednesday,8726918
MorningstarGreene,Wednesday,6036168
MorningstarGreene,Wednesday,3384856
ReginaldBlotchet-Halls,Wednesday,4308796
ReginaldBlotchet-Halls,Wednesday,7645126
ReginaldBlotchet-Halls,Wednesday,7270510
ReginaldBlotchet-Halls,Wednesday,5748534
ReginaldBlotchet-Halls,Wednesday,4936642
ReginaldBlotchet-Halls,Wednesday,5722435
ReginaldBlotchet-Halls,Wednesday,3973328
ReginaldBlotchet-Halls,Wednesday,5726334
ReginaldBlotchet-Halls,Wednesday,5714597
ReginaldBlotchet-Halls,Wednesday,5251223
ReginaldBlotchet-Halls,Wednesday,6847595
ReginaldBlotchet-Halls,Wednesday,5166360
ReginaldBlotchet-Halls,Wednesday,5927369
ReginaldBlotchet-Halls,Wednesday,6309822
SherylHunter,Wednesday,12104852
SherylHunter,Wednesday,8996861
SherylHunter,Wednesday,8351449
SherylHunter,Wednesday,9969974
SherylHunter,Wednesday,11937365
SherylHunter,Wednesday,9322611
SherylHunter,Wednesday,7642247
SherylHunter,Wednesday,10401609
SherylHunter,Wednesday,10392148
SherylHunter,Wednesday,7170175
SherylHunter,Wednesday,11143444
SherylHunter,Wednesday,11735057
SherylHunter,Wednesday,11532748
SherylHunter,Wednesday,9590424
StearnsMacFeather,Wednesday,1773296
StearnsMacFeather,Wednesday,2391676
StearnsMacFeather,Wednesday,1091103
StearnsMacFeather,Wednesday,1883925
StearnsMacFeather,Wednesday,2062312
StearnsMacFeather,Wednesday,2243121
StearnsMacFeather,Wednesday,2147530
StearnsMacFeather,Wednesday,1575023
StearnsMacFeather,Wednesday,1209910
StearnsMacFeather,Wednesday,926791
StearnsMacFeather,Wednesday,1648672
StearnsMacFeather,Wednesday,1437912
StearnsMacFeather,Wednesday,2439586
StearnsMacFeather,Wednesday,2122999
SylviaPanteley,Wednesday,9033761
SylviaPanteley,Wednesday,5122397
SylviaPanteley,Wednesday,4871877
SylviaPanteley,Wednesday,3512491
SylviaPanteley,Wednesday,6625906
SylviaPanteley,Wednesday,6178302
SylviaPanteley,Wednesday,5078747
SylviaPanteley,Wednesday,6119985
SylviaPanteley,Wednesday,4880711
SylviaPanteley,Wednesday,7619569
SylviaPanteley,Wednesday,7224449
SylviaPanteley,Wednesday,6225907
SylviaPanteley,Wednesday,4939059
SylviaPanteley,Wednesday,8443192
AbrahamBennet,Thursday ,18915088
AbrahamBennet,Thursday ,16903727
AbrahamBennet,Thursday ,13635252
AbrahamBennet,Thursday ,14570030
AbrahamBennet,Thursday ,18782684
AbrahamBennet,Thursday ,19373428
AbrahamBennet,Thursday ,18319611
AbrahamBennet,Thursday ,13661615
AbrahamBennet,Thursday ,10042843
AbrahamBennet,Thursday ,18885140
AbrahamBennet,Thursday ,19367494
AbrahamBennet,Thursday ,15909814
AbrahamBennet,Thursday ,12840580
AbrahamBennet,Thursday ,14926614
AlbertRinger,Thursday ,22474773
AlbertRinger,Thursday ,24791058
AlbertRinger,Thursday ,21237238
AlbertRinger,Thursday ,37547649
AlbertRinger,Thursday ,27082907
AlbertRinger,Thursday ,31652966
AlbertRinger,Thursday ,25553931
AlbertRinger,Thursday ,30937792
AlbertRinger,Thursday ,36722577
AlbertRinger,Thursday ,20766574
AlbertRinger,Thursday ,32013427
AlbertRinger,Thursday ,28476422
AlbertRinger,Thursday ,40106741
AlbertRinger,Thursday ,26312660
AnnDull,Thursday ,2437539
AnnDull,Thursday ,2782103
AnnDull,Thursday ,2803908
AnnDull,Thursday ,2832615
AnnDull,Thursday ,2014952
AnnDull,Thursday ,1658432
AnnDull,Thursday ,3144613
AnnDull,Thursday ,2793773
AnnDull,Thursday ,3221726
AnnDull,Thursday ,2546593
AnnDull,Thursday ,2486855
AnnDull,Thursday ,2234621
AnnDull,Thursday ,2624018
AnnDull,Thursday ,3045695
AnneRinger,Thursday ,4522703
AnneRinger,Thursday ,3630957
AnneRinger,Thursday ,3915977
AnneRinger,Thursday ,5049787
AnneRinger,Thursday ,2745479
AnneRinger,Thursday ,5696335
AnneRinger,Thursday ,3876155
AnneRinger,Thursday ,2947721
AnneRinger,Thursday ,4602346
AnneRinger,Thursday ,4884232
AnneRinger,Thursday ,4728080
AnneRinger,Thursday ,3067186
AnneRinger,Thursday ,3673913
AnneRinger,Thursday ,2337861
BurtGringlesby,Thursday ,8021454
BurtGringlesby,Thursday ,7312691
BurtGringlesby,Thursday ,5928276
BurtGringlesby,Thursday ,6634255
BurtGringlesby,Thursday ,6276072
BurtGringlesby,Thursday ,8143594
BurtGringlesby,Thursday ,9044335
BurtGringlesby,Thursday ,7868141
BurtGringlesby,Thursday ,8767122
BurtGringlesby,Thursday ,6495137
BurtGringlesby,Thursday ,6481966
BurtGringlesby,Thursday ,6770590
BurtGringlesby,Thursday ,9006405
BurtGringlesby,Thursday ,6500703
CharleneLocksley,Thursday ,7477702
CharleneLocksley,Thursday ,7803042
CharleneLocksley,Thursday ,7612582
CharleneLocksley,Thursday ,6193173
CharleneLocksley,Thursday ,7078169
CharleneLocksley,Thursday ,6174561
CharleneLocksley,Thursday ,6251815
CharleneLocksley,Thursday ,6808411
CharleneLocksley,Thursday ,6066453
CharleneLocksley,Thursday ,7953984
CharleneLocksley,Thursday ,8274225
CharleneLocksley,Thursday ,9262224
CharleneLocksley,Thursday ,8146994
CharleneLocksley,Thursday ,6978221
CherylCarson,Thursday ,5128859
CherylCarson,Thursday ,5472612
CherylCarson,Thursday ,4241876
CherylCarson,Thursday ,4267191
CherylCarson,Thursday ,4849668
CherylCarson,Thursday ,4009927
CherylCarson,Thursday ,4921845
CherylCarson,Thursday ,6898296
CherylCarson,Thursday ,6201309
CherylCarson,Thursday ,3823699
CherylCarson,Thursday ,4971334
CherylCarson,Thursday ,6251559
CherylCarson,Thursday ,3648396
CherylCarson,Thursday ,6044165
DeanStraight,Thursday ,10171957
DeanStraight,Thursday ,13360928
DeanStraight,Thursday ,13911318
DeanStraight,Thursday ,14470695
DeanStraight,Thursday ,8094512
DeanStraight,Thursday ,16703638
DeanStraight,Thursday ,11270478
DeanStraight,Thursday ,14929012
DeanStraight,Thursday ,13019122
DeanStraight,Thursday ,13889364
DeanStraight,Thursday ,11568352
DeanStraight,Thursday ,13548808
DeanStraight,Thursday ,16974225
DeanStraight,Thursday ,11001101
DirkStringer,Thursday ,39555623
DirkStringer,Thursday ,61022268
DirkStringer,Thursday ,46561665
DirkStringer,Thursday ,49688625
DirkStringer,Thursday ,50163592
DirkStringer,Thursday ,62222911
DirkStringer,Thursday ,50163592
DirkStringer,Thursday ,36428664
DirkStringer,Thursday ,42207615
DirkStringer,Thursday ,58146017
DirkStringer,Thursday ,60771561
DirkStringer,Thursday ,48013015
DirkStringer,Thursday ,34726606
DirkStringer,Thursday ,53791967
HeatherMcBadden,Thursday ,26118673
HeatherMcBadden,Thursday ,22387563
HeatherMcBadden,Thursday ,18347044
HeatherMcBadden,Thursday ,18692829
HeatherMcBadden,Thursday ,28879130
HeatherMcBadden,Thursday ,18237549
HeatherMcBadden,Thursday ,12494615
HeatherMcBadden,Thursday ,25799861
HeatherMcBadden,Thursday ,22341241
HeatherMcBadden,Thursday ,10899019
HeatherMcBadden,Thursday ,16101490
HeatherMcBadden,Thursday ,17671717
HeatherMcBadden,Thursday ,22995826
HeatherMcBadden,Thursday ,28621316
Innesdel Castillo,Thursday ,16793629
Innesdel Castillo,Thursday ,27022945
Innesdel Castillo,Thursday ,19504655
Innesdel Castillo,Thursday ,18181302
Innesdel Castillo,Thursday ,12801301
Innesdel Castillo,Thursday ,13862620
Innesdel Castillo,Thursday ,20736320
Innesdel Castillo,Thursday ,15809317
Innesdel Castillo,Thursday ,19517392
Innesdel Castillo,Thursday ,13552261
Innesdel Castillo,Thursday ,24248914
Innesdel Castillo,Thursday ,17805651
Innesdel Castillo,Thursday ,10880710
Innesdel Castillo,Thursday ,17027614
JohnsonWhite,Thursday ,7146457
JohnsonWhite,Thursday ,5004569
JohnsonWhite,Thursday ,8091555
JohnsonWhite,Thursday ,5573860
JohnsonWhite,Thursday ,5620750
JohnsonWhite,Thursday ,7404049
JohnsonWhite,Thursday ,7237959
JohnsonWhite,Thursday ,5282759
JohnsonWhite,Thursday ,6216049
JohnsonWhite,Thursday ,5900874
JohnsonWhite,Thursday ,7137955
JohnsonWhite,Thursday ,6029783
JohnsonWhite,Thursday ,9140927
JohnsonWhite,Thursday ,5928119
LiviaKarsen,Thursday ,17787288
LiviaKarsen,Thursday ,17248082
LiviaKarsen,Thursday ,20682034
LiviaKarsen,Thursday ,10454570
LiviaKarsen,Thursday ,8236856
LiviaKarsen,Thursday ,8751265
LiviaKarsen,Thursday ,12096808
LiviaKarsen,Thursday ,17272880
LiviaKarsen,Thursday ,10234473
LiviaKarsen,Thursday ,11242086
LiviaKarsen,Thursday ,6349724
LiviaKarsen,Thursday ,8205050
LiviaKarsen,Thursday ,7417534
LiviaKarsen,Thursday ,12841916
MarjorieGreen,Thursday ,8083320
MarjorieGreen,Thursday ,5785331
MarjorieGreen,Thursday ,6349267
MarjorieGreen,Thursday ,7173597
MarjorieGreen,Thursday ,6310684
MarjorieGreen,Thursday ,5735075
MarjorieGreen,Thursday ,6298120
MarjorieGreen,Thursday ,6156803
MarjorieGreen,Thursday ,5526268
MarjorieGreen,Thursday ,6193272
MarjorieGreen,Thursday ,8916435
MarjorieGreen,Thursday ,5773657
MarjorieGreen,Thursday ,6003255
MarjorieGreen,Thursday ,5899630
MeanderSmith,Thursday ,5008061
MeanderSmith,Thursday ,5422467
MeanderSmith,Thursday ,3604904
MeanderSmith,Thursday ,5400825
MeanderSmith,Thursday ,2603838
MeanderSmith,Thursday ,3689975
MeanderSmith,Thursday ,5030450
MeanderSmith,Thursday ,2657194
MeanderSmith,Thursday ,6528751
MeanderSmith,Thursday ,2689656
MeanderSmith,Thursday ,4103634
MeanderSmith,Thursday ,2603838
MeanderSmith,Thursday ,4071172
MeanderSmith,Thursday ,3274075
MichaelO'Leary,Thursday ,7069200
MichaelO'Leary,Thursday ,8799864
MichaelO'Leary,Thursday ,7050882
MichaelO'Leary,Thursday ,6135175
MichaelO'Leary,Thursday ,6162652
MichaelO'Leary,Thursday ,6968449
MichaelO'Leary,Thursday ,12178757
MichaelO'Leary,Thursday ,16528313
MichaelO'Leary,Thursday ,8708272
MichaelO'Leary,Thursday ,15612606
MichaelO'Leary,Thursday ,5320219
MichaelO'Leary,Thursday ,11318005
MichaelO'Leary,Thursday ,11354642
MichaelO'Leary,Thursday ,6986767
MichelDeFrance,Thursday ,37995313
MichelDeFrance,Thursday ,29105264
MichelDeFrance,Thursday ,36165016
MichelDeFrance,Thursday ,35428122
MichelDeFrance,Thursday ,33094121
MichelDeFrance,Thursday ,28375769
MichelDeFrance,Thursday ,40847992
MichelDeFrance,Thursday ,34950862
MichelDeFrance,Thursday ,28920893
MichelDeFrance,Thursday ,32785667
MichelDeFrance,Thursday ,36733105
MichelDeFrance,Thursday ,32275154
MichelDeFrance,Thursday ,35059970
MichelDeFrance,Thursday ,39417570
MorningstarGreene,Thursday ,6650676
MorningstarGreene,Thursday ,4717371
MorningstarGreene,Thursday ,3684970
MorningstarGreene,Thursday ,3019260
MorningstarGreene,Thursday ,2387217
MorningstarGreene,Thursday ,5483561
MorningstarGreene,Thursday ,6726898
MorningstarGreene,Thursday ,3608747
MorningstarGreene,Thursday ,3607996
MorningstarGreene,Thursday ,4578077
MorningstarGreene,Thursday ,5171492
MorningstarGreene,Thursday ,4641149
MorningstarGreene,Thursday ,3832120
MorningstarGreene,Thursday ,3297527
ReginaldBlotchet-Halls,Thursday ,6016130
ReginaldBlotchet-Halls,Thursday ,7018591
ReginaldBlotchet-Halls,Thursday ,6068326
ReginaldBlotchet-Halls,Thursday ,7138658
ReginaldBlotchet-Halls,Thursday ,5775945
ReginaldBlotchet-Halls,Thursday ,7569412
ReginaldBlotchet-Halls,Thursday ,6512127
ReginaldBlotchet-Halls,Thursday ,5406542
ReginaldBlotchet-Halls,Thursday ,6232798
ReginaldBlotchet-Halls,Thursday ,5441791
ReginaldBlotchet-Halls,Thursday ,8852520
ReginaldBlotchet-Halls,Thursday ,6254995
ReginaldBlotchet-Halls,Thursday ,5688501
ReginaldBlotchet-Halls,Thursday ,5995241
SherylHunter,Thursday ,8908240
SherylHunter,Thursday ,11234016
SherylHunter,Thursday ,11937365
SherylHunter,Thursday ,5910034
SherylHunter,Thursday ,12135772
SherylHunter,Thursday ,7948783
SherylHunter,Thursday ,10268706
SherylHunter,Thursday ,9922027
SherylHunter,Thursday ,10002844
SherylHunter,Thursday ,10471015
SherylHunter,Thursday ,15700523
SherylHunter,Thursday ,11239868
SherylHunter,Thursday ,11050922
SherylHunter,Thursday ,11704137
StearnsMacFeather,Thursday ,1501966
StearnsMacFeather,Thursday ,1070765
StearnsMacFeather,Thursday ,1567318
StearnsMacFeather,Thursday ,900905
StearnsMacFeather,Thursday ,1209563
StearnsMacFeather,Thursday ,1920167
StearnsMacFeather,Thursday ,2198950
StearnsMacFeather,Thursday ,1772105
StearnsMacFeather,Thursday ,1952770
StearnsMacFeather,Thursday ,2362423
StearnsMacFeather,Thursday ,1522798
StearnsMacFeather,Thursday ,1478364
StearnsMacFeather,Thursday ,1632196
StearnsMacFeather,Thursday ,1495209
SylviaPanteley,Thursday ,6525847
SylviaPanteley,Thursday ,6120462
SylviaPanteley,Thursday ,7181276
SylviaPanteley,Thursday ,5706657
SylviaPanteley,Thursday ,4032663
SylviaPanteley,Thursday ,7372080
SylviaPanteley,Thursday ,7036646
SylviaPanteley,Thursday ,6245484
SylviaPanteley,Thursday ,7812218
SylviaPanteley,Thursday ,3129778
SylviaPanteley,Thursday ,6000765
SylviaPanteley,Thursday ,8020967
SylviaPanteley,Thursday ,8097492
SylviaPanteley,Thursday ,8308350
AbrahamBennet,Friday   ,17299536
AbrahamBennet,Friday   ,15053619
AbrahamBennet,Friday   ,11573829
AbrahamBennet,Friday   ,12097030
AbrahamBennet,Friday   ,20784307
AbrahamBennet,Friday   ,15841924
AbrahamBennet,Friday   ,15885937
AbrahamBennet,Friday   ,18453243
AbrahamBennet,Friday   ,16393279
AbrahamBennet,Friday   ,19424100
AbrahamBennet,Friday   ,19036186
AbrahamBennet,Friday   ,22160507
AbrahamBennet,Friday   ,14243701
AbrahamBennet,Friday   ,15688162
AlbertRinger,Friday   ,19215082
AlbertRinger,Friday   ,22418706
AlbertRinger,Friday   ,30626187
AlbertRinger,Friday   ,16731498
AlbertRinger,Friday   ,19411237
AlbertRinger,Friday   ,29564483
AlbertRinger,Friday   ,19305995
AlbertRinger,Friday   ,42404974
AlbertRinger,Friday   ,27587805
AlbertRinger,Friday   ,33823706
AlbertRinger,Friday   ,26226219
AlbertRinger,Friday   ,27369093
AlbertRinger,Friday   ,21977013
AlbertRinger,Friday   ,20830150
AnnDull,Friday   ,2579470
AnnDull,Friday   ,2502982
AnnDull,Friday   ,2102513
AnnDull,Friday   ,3150890
AnnDull,Friday   ,2310512
AnnDull,Friday   ,2453380
AnnDull,Friday   ,3298839
AnnDull,Friday   ,2233711
AnnDull,Friday   ,2475185
AnnDull,Friday   ,2947062
AnnDull,Friday   ,2751045
AnnDull,Friday   ,2673022
AnnDull,Friday   ,2508973
AnnDull,Friday   ,3445540
AnneRinger,Friday   ,3107008
AnneRinger,Friday   ,4035441
AnneRinger,Friday   ,3670779
AnneRinger,Friday   ,5371494
AnneRinger,Friday   ,3876155
AnneRinger,Friday   ,4439926
AnneRinger,Friday   ,4568793
AnneRinger,Friday   ,2420638
AnneRinger,Friday   ,2301173
AnneRinger,Friday   ,4075263
AnneRinger,Friday   ,2864944
AnneRinger,Friday   ,3024230
AnneRinger,Friday   ,5414449
AnneRinger,Friday   ,2583059
BurtGringlesby,Friday   ,6071937
BurtGringlesby,Friday   ,9033948
BurtGringlesby,Friday   ,9377480
BurtGringlesby,Friday   ,6525006
BurtGringlesby,Friday   ,7883816
BurtGringlesby,Friday   ,12396158
BurtGringlesby,Friday   ,7188224
BurtGringlesby,Friday   ,7821861
BurtGringlesby,Friday   ,9451582
BurtGringlesby,Friday   ,6058310
BurtGringlesby,Friday   ,6909709
BurtGringlesby,Friday   ,6739986
BurtGringlesby,Friday   ,7198333
BurtGringlesby,Friday   ,6703814
CharleneLocksley,Friday   ,5822450
CharleneLocksley,Friday   ,6865525
CharleneLocksley,Friday   ,6623560
CharleneLocksley,Friday   ,8337455
CharleneLocksley,Friday   ,7236248
CharleneLocksley,Friday   ,7208966
CharleneLocksley,Friday   ,7692896
CharleneLocksley,Friday   ,6999382
CharleneLocksley,Friday   ,5637088
CharleneLocksley,Friday   ,8603642
CharleneLocksley,Friday   ,8595993
CharleneLocksley,Friday   ,7047315
CharleneLocksley,Friday   ,5107264
CharleneLocksley,Friday   ,5983589
CherylCarson,Friday   ,7714244
CherylCarson,Friday   ,7064120
CherylCarson,Friday   ,6165450
CherylCarson,Friday   ,7589572
CherylCarson,Friday   ,7095830
CherylCarson,Friday   ,5397809
CherylCarson,Friday   ,4800560
CherylCarson,Friday   ,5622220
CherylCarson,Friday   ,2962031
CherylCarson,Friday   ,6102332
CherylCarson,Friday   ,4217322
CherylCarson,Friday   ,6466871
CherylCarson,Friday   ,5236515
CherylCarson,Friday   ,4038630
DeanStraight,Friday   ,12347573
DeanStraight,Friday   ,8523072
DeanStraight,Friday   ,15440949
DeanStraight,Friday   ,12901240
DeanStraight,Friday   ,17244621
DeanStraight,Friday   ,13490081
DeanStraight,Friday   ,14156175
DeanStraight,Friday   ,13483406
DeanStraight,Friday   ,11428571
DeanStraight,Friday   ,11468567
DeanStraight,Friday   ,11611184
DeanStraight,Friday   ,12840083
DeanStraight,Friday   ,11802986
DeanStraight,Friday   ,9310314
DirkStringer,Friday   ,73081587
DirkStringer,Friday   ,38354981
DirkStringer,Friday   ,46310958
DirkStringer,Friday   ,50414300
DirkStringer,Friday   ,58845244
DirkStringer,Friday   ,37629306
DirkStringer,Friday   ,34502346
DirkStringer,Friday   ,38354981
DirkStringer,Friday   ,69453212
DirkStringer,Friday   ,40281298
DirkStringer,Friday   ,42933290
DirkStringer,Friday   ,44635348
DirkStringer,Friday   ,45361023
DirkStringer,Friday   ,51865650
HeatherMcBadden,Friday   ,24152400
HeatherMcBadden,Friday   ,17990239
HeatherMcBadden,Friday   ,15250010
HeatherMcBadden,Friday   ,23142284
HeatherMcBadden,Friday   ,15785433
HeatherMcBadden,Friday   ,19948616
HeatherMcBadden,Friday   ,9308707
HeatherMcBadden,Friday   ,18790155
HeatherMcBadden,Friday   ,13259684
HeatherMcBadden,Friday   ,15242538
HeatherMcBadden,Friday   ,20863702
HeatherMcBadden,Friday   ,16117357
HeatherMcBadden,Friday   ,18008850
HeatherMcBadden,Friday   ,18008817
Innesdel Castillo,Friday   ,15600467
Innesdel Castillo,Friday   ,13253957
Innesdel Castillo,Friday   ,18388208
Innesdel Castillo,Friday   ,19283067
Innesdel Castillo,Friday   ,13099264
Innesdel Castillo,Friday   ,19425364
Innesdel Castillo,Friday   ,16974429
Innesdel Castillo,Friday   ,19607136
Innesdel Castillo,Friday   ,15899401
Innesdel Castillo,Friday   ,22031964
Innesdel Castillo,Friday   ,12072901
Innesdel Castillo,Friday   ,8974460
Innesdel Castillo,Friday   ,17752467
Innesdel Castillo,Friday   ,19453414
JohnsonWhite,Friday   ,6243156
JohnsonWhite,Friday   ,8655161
JohnsonWhite,Friday   ,4803816
JohnsonWhite,Friday   ,6289168
JohnsonWhite,Friday   ,7663371
JohnsonWhite,Friday   ,6767066
JohnsonWhite,Friday   ,10412558
JohnsonWhite,Friday   ,7209034
JohnsonWhite,Friday   ,8851945
JohnsonWhite,Friday   ,5525743
JohnsonWhite,Friday   ,4248020
JohnsonWhite,Friday   ,6148319
JohnsonWhite,Friday   ,4653961
JohnsonWhite,Friday   ,4286612
LiviaKarsen,Friday   ,15694254
LiviaKarsen,Friday   ,24432372
LiviaKarsen,Friday   ,5015993
LiviaKarsen,Friday   ,13650636
LiviaKarsen,Friday   ,9212664
LiviaKarsen,Friday   ,14211046
LiviaKarsen,Friday   ,14264056
LiviaKarsen,Friday   ,12380517
LiviaKarsen,Friday   ,14598231
LiviaKarsen,Friday   ,5342110
LiviaKarsen,Friday   ,14083822
LiviaKarsen,Friday   ,9794278
LiviaKarsen,Friday   ,8194448
LiviaKarsen,Friday   ,12065002
MarjorieGreen,Friday   ,7209400
MarjorieGreen,Friday   ,8970695
MarjorieGreen,Friday   ,6079863
MarjorieGreen,Friday   ,6630677
MarjorieGreen,Friday   ,11524967
MarjorieGreen,Friday   ,8199509
MarjorieGreen,Friday   ,7377401
MarjorieGreen,Friday   ,6157136
MarjorieGreen,Friday   ,6131675
MarjorieGreen,Friday   ,5041054
MarjorieGreen,Friday   ,6131675
MarjorieGreen,Friday   ,4757530
MarjorieGreen,Friday   ,8739316
MarjorieGreen,Friday   ,7004039
MeanderSmith,Friday   ,3720943
MeanderSmith,Friday   ,1934348
MeanderSmith,Friday   ,5051344
MeanderSmith,Friday   ,4329245
MeanderSmith,Friday   ,3669828
MeanderSmith,Friday   ,3614978
MeanderSmith,Friday   ,3625799
MeanderSmith,Friday   ,5423214
MeanderSmith,Friday   ,2583691
MeanderSmith,Friday   ,5359784
MeanderSmith,Friday   ,3296464
MeanderSmith,Friday   ,5071491
MeanderSmith,Friday   ,2924594
MeanderSmith,Friday   ,2946235
MichaelO'Leary,Friday   ,7874997
MichaelO'Leary,Friday   ,12123802
MichaelO'Leary,Friday   ,10512208
MichaelO'Leary,Friday   ,7005086
MichaelO'Leary,Friday   ,10548845
MichaelO'Leary,Friday   ,7041723
MichaelO'Leary,Friday   ,9623979
MichaelO'Leary,Friday   ,11345483
MichaelO'Leary,Friday   ,11281368
MichaelO'Leary,Friday   ,11308846
MichaelO'Leary,Friday   ,6245085
MichaelO'Leary,Friday   ,16409244
MichaelO'Leary,Friday   ,11327164
MichaelO'Leary,Friday   ,9678934
MichelDeFrance,Friday   ,30770233
MichelDeFrance,Friday   ,37375692
MichelDeFrance,Friday   ,39627794
MichelDeFrance,Friday   ,36590744
MichelDeFrance,Friday   ,35077658
MichelDeFrance,Friday   ,31555947
MichelDeFrance,Friday   ,40102932
MichelDeFrance,Friday   ,29265313
MichelDeFrance,Friday   ,38497660
MichelDeFrance,Friday   ,41725126
MichelDeFrance,Friday   ,26144242
MichelDeFrance,Friday   ,21778477
MichelDeFrance,Friday   ,29171005
MichelDeFrance,Friday   ,36297855
MorningstarGreene,Friday   ,2953676
MorningstarGreene,Friday   ,4362032
MorningstarGreene,Friday   ,4594295
MorningstarGreene,Friday   ,3000297
MorningstarGreene,Friday   ,5039426
MorningstarGreene,Friday   ,3684169
MorningstarGreene,Friday   ,4186326
MorningstarGreene,Friday   ,4552354
MorningstarGreene,Friday   ,7379986
MorningstarGreene,Friday   ,4413429
MorningstarGreene,Friday   ,6537856
MorningstarGreene,Friday   ,4472253
MorningstarGreene,Friday   ,3036426
MorningstarGreene,Friday   ,4716620
ReginaldBlotchet-Halls,Friday   ,7822646
ReginaldBlotchet-Halls,Friday   ,7099514
ReginaldBlotchet-Halls,Friday   ,7263986
ReginaldBlotchet-Halls,Friday   ,7770450
ReginaldBlotchet-Halls,Friday   ,6670075
ReginaldBlotchet-Halls,Friday   ,6791457
ReginaldBlotchet-Halls,Friday   ,7583774
ReginaldBlotchet-Halls,Friday   ,5796831
ReginaldBlotchet-Halls,Friday   ,6281098
ReginaldBlotchet-Halls,Friday   ,7599454
ReginaldBlotchet-Halls,Friday   ,6594365
ReginaldBlotchet-Halls,Friday   ,7188273
ReginaldBlotchet-Halls,Friday   ,5728959
ReginaldBlotchet-Halls,Friday   ,6606098
SherylHunter,Friday   ,10486621
SherylHunter,Friday   ,13842917
SherylHunter,Friday   ,15500165
SherylHunter,Friday   ,13234041
SherylHunter,Friday   ,10758042
SherylHunter,Friday   ,11428521
SherylHunter,Friday   ,8931357
SherylHunter,Friday   ,10946988
SherylHunter,Friday   ,15548405
SherylHunter,Friday   ,10081711
SherylHunter,Friday   ,7752327
SherylHunter,Friday   ,10197350
SherylHunter,Friday   ,10642403
SherylHunter,Friday   ,9318710
StearnsMacFeather,Friday   ,1364835
StearnsMacFeather,Friday   ,2935073
StearnsMacFeather,Friday   ,1539400
StearnsMacFeather,Friday   ,2159958
StearnsMacFeather,Friday   ,2050541
StearnsMacFeather,Friday   ,1826463
StearnsMacFeather,Friday   ,2209183
StearnsMacFeather,Friday   ,1280809
StearnsMacFeather,Friday   ,2171012
StearnsMacFeather,Friday   ,2212901
StearnsMacFeather,Friday   ,2351125
StearnsMacFeather,Friday   ,2048343
StearnsMacFeather,Friday   ,2636997
StearnsMacFeather,Friday   ,1235796
SylviaPanteley,Friday   ,6882227
SylviaPanteley,Friday   ,5450304
SylviaPanteley,Friday   ,6597940
SylviaPanteley,Friday   ,5999427
SylviaPanteley,Friday   ,5922871
SylviaPanteley,Friday   ,4452269
SylviaPanteley,Friday   ,8665684
SylviaPanteley,Friday   ,4330758
SylviaPanteley,Friday   ,7195051
SylviaPanteley,Friday   ,8815193
SylviaPanteley,Friday   ,6535636
SylviaPanteley,Friday   ,3521833
SylviaPanteley,Friday   ,10983026
SylviaPanteley,Friday   ,6038581
AbrahamBennet,Saturday ,12116145
AbrahamBennet,Saturday ,13969145
AbrahamBennet,Saturday ,19388450
AbrahamBennet,Saturday ,22023196
AbrahamBennet,Saturday ,13774826
AbrahamBennet,Saturday ,15375995
AbrahamBennet,Saturday ,17027948
AbrahamBennet,Saturday ,14674934
AbrahamBennet,Saturday ,16454102
AbrahamBennet,Saturday ,13941921
AbrahamBennet,Saturday ,14873161
AbrahamBennet,Saturday ,11152563
AbrahamBennet,Saturday ,14825773
AbrahamBennet,Saturday ,19758893
AlbertRinger,Saturday ,28232645
AlbertRinger,Saturday ,23325086
AlbertRinger,Saturday ,37100461
AlbertRinger,Saturday ,22810546
AlbertRinger,Saturday ,21821393
AlbertRinger,Saturday ,20471624
AlbertRinger,Saturday ,26821847
AlbertRinger,Saturday ,24009660
AlbertRinger,Saturday ,29061033
AlbertRinger,Saturday ,28545151
AlbertRinger,Saturday ,14909343
AlbertRinger,Saturday ,30130396
AlbertRinger,Saturday ,25120896
AlbertRinger,Saturday ,26695341
AnnDull,Saturday ,2964125
AnnDull,Saturday ,2376552
AnnDull,Saturday ,3128799
AnnDull,Saturday ,2442620
AnnDull,Saturday ,2173635
AnnDull,Saturday ,2503579
AnnDull,Saturday ,2465335
AnnDull,Saturday ,2530493
AnnDull,Saturday ,3051686
AnnDull,Saturday ,2749225
AnnDull,Saturday ,2754280
AnnDull,Saturday ,3309599
AnnDull,Saturday ,2701131
AnnDull,Saturday ,2507724
AnneRinger,Saturday ,2662702
AnneRinger,Saturday ,3998754
AnneRinger,Saturday ,4522703
AnneRinger,Saturday ,2463594
AnneRinger,Saturday ,4645302
AnneRinger,Saturday ,3474805
AnneRinger,Saturday ,1372740
AnneRinger,Saturday ,3912842
AnneRinger,Saturday ,1813911
AnneRinger,Saturday ,4038576
AnneRinger,Saturday ,4240818
AnneRinger,Saturday ,3958932
AnneRinger,Saturday ,3597404
AnneRinger,Saturday ,3876155
BurtGringlesby,Saturday ,9537094
BurtGringlesby,Saturday ,7031393
BurtGringlesby,Saturday ,8075794
BurtGringlesby,Saturday ,7767977
BurtGringlesby,Saturday ,7440398
BurtGringlesby,Saturday ,5687234
BurtGringlesby,Saturday ,7827427
BurtGringlesby,Saturday ,7074890
BurtGringlesby,Saturday ,9946100
BurtGringlesby,Saturday ,9119461
BurtGringlesby,Saturday ,8509103
BurtGringlesby,Saturday ,7201116
BurtGringlesby,Saturday ,6531308
BurtGringlesby,Saturday ,6462773
CharleneLocksley,Saturday ,6811471
CharleneLocksley,Saturday ,6623049
CharleneLocksley,Saturday ,5475437
CharleneLocksley,Saturday ,5507819
CharleneLocksley,Saturday ,8037359
CharleneLocksley,Saturday ,4193969
CharleneLocksley,Saturday ,7746439
CharleneLocksley,Saturday ,7637315
CharleneLocksley,Saturday ,9667879
CharleneLocksley,Saturday ,6540696
CharleneLocksley,Saturday ,8152604
CharleneLocksley,Saturday ,8096512
CharleneLocksley,Saturday ,7392289
CharleneLocksley,Saturday ,8624803
CherylCarson,Saturday ,3757194
CherylCarson,Saturday ,6437788
CherylCarson,Saturday ,5057062
CherylCarson,Saturday ,4917316
CherylCarson,Saturday ,4796030
CherylCarson,Saturday ,3305784
CherylCarson,Saturday ,5185885
CherylCarson,Saturday ,5136777
CherylCarson,Saturday ,4345382
CherylCarson,Saturday ,4742773
CherylCarson,Saturday ,6301428
CherylCarson,Saturday ,6985167
CherylCarson,Saturday ,4743154
CherylCarson,Saturday ,3513178
DeanStraight,Saturday ,13679021
DeanStraight,Saturday ,11136247
DeanStraight,Saturday ,14103508
DeanStraight,Saturday ,16347576
DeanStraight,Saturday ,12967664
DeanStraight,Saturday ,15976346
DeanStraight,Saturday ,11613079
DeanStraight,Saturday ,11404980
DeanStraight,Saturday ,10952102
DeanStraight,Saturday ,16832765
DeanStraight,Saturday ,6822583
DeanStraight,Saturday ,11858312
DeanStraight,Saturday ,12712366
DeanStraight,Saturday ,9688193
DirkStringer,Saturday ,68978245
DirkStringer,Saturday ,54042674
DirkStringer,Saturday ,52564877
DirkStringer,Saturday ,60520853
DirkStringer,Saturday ,56918926
DirkStringer,Saturday ,34726606
DirkStringer,Saturday ,35702989
DirkStringer,Saturday ,51865650
DirkStringer,Saturday ,67526895
DirkStringer,Saturday ,36177956
DirkStringer,Saturday ,48738690
DirkStringer,Saturday ,39331364
DirkStringer,Saturday ,61022268
DirkStringer,Saturday ,56443959
HeatherMcBadden,Saturday ,19217981
HeatherMcBadden,Saturday ,15663193
HeatherMcBadden,Saturday ,9745042
HeatherMcBadden,Saturday ,15587778
HeatherMcBadden,Saturday ,14670317
HeatherMcBadden,Saturday ,20766207
HeatherMcBadden,Saturday ,23529386
HeatherMcBadden,Saturday ,19659611
HeatherMcBadden,Saturday ,22401457
HeatherMcBadden,Saturday ,17366856
HeatherMcBadden,Saturday ,18556996
HeatherMcBadden,Saturday ,23217666
HeatherMcBadden,Saturday ,18972321
HeatherMcBadden,Saturday ,21536718
Innesdel Castillo,Saturday ,12850598
Innesdel Castillo,Saturday ,16754786
Innesdel Castillo,Saturday ,14835167
Innesdel Castillo,Saturday ,21163211
Innesdel Castillo,Saturday ,16171257
Innesdel Castillo,Saturday ,13954648
Innesdel Castillo,Saturday ,18309889
Innesdel Castillo,Saturday ,16093911
Innesdel Castillo,Saturday ,14330929
Innesdel Castillo,Saturday ,24650329
Innesdel Castillo,Saturday ,19917836
Innesdel Castillo,Saturday ,26517736
Innesdel Castillo,Saturday ,13487311
Innesdel Castillo,Saturday ,16727707
JohnsonWhite,Saturday ,5667716
JohnsonWhite,Saturday ,4441360
JohnsonWhite,Saturday ,6605222
JohnsonWhite,Saturday ,8176561
JohnsonWhite,Saturday ,8493385
JohnsonWhite,Saturday ,7499285
JohnsonWhite,Saturday ,5595192
JohnsonWhite,Saturday ,6724852
JohnsonWhite,Saturday ,5853452
JohnsonWhite,Saturday ,6823514
JohnsonWhite,Saturday ,5911914
JohnsonWhite,Saturday ,7234798
JohnsonWhite,Saturday ,5823443
JohnsonWhite,Saturday ,7105267
LiviaKarsen,Saturday ,9826084
LiviaKarsen,Saturday ,935944
LiviaKarsen,Saturday ,11032591
LiviaKarsen,Saturday ,11085601
LiviaKarsen,Saturday ,12348711
LiviaKarsen,Saturday ,10748881
LiviaKarsen,Saturday ,12611216
LiviaKarsen,Saturday ,10748881
LiviaKarsen,Saturday ,21008152
LiviaKarsen,Saturday ,2347482
LiviaKarsen,Saturday ,11525795
LiviaKarsen,Saturday ,5069003
LiviaKarsen,Saturday ,16758471
LiviaKarsen,Saturday ,6374521
MarjorieGreen,Saturday ,7212180
MarjorieGreen,Saturday ,8429107
MarjorieGreen,Saturday ,6477129
MarjorieGreen,Saturday ,5232627
MarjorieGreen,Saturday ,4578187
MarjorieGreen,Saturday ,6657362
MarjorieGreen,Saturday ,7259989
MarjorieGreen,Saturday ,5272208
MarjorieGreen,Saturday ,8944343
MarjorieGreen,Saturday ,7583095
MarjorieGreen,Saturday ,8826931
MarjorieGreen,Saturday ,5322131
MarjorieGreen,Saturday ,6914535
MarjorieGreen,Saturday ,6593318
MeanderSmith,Saturday ,2648615
MeanderSmith,Saturday ,3318105
MeanderSmith,Saturday ,3254676
MeanderSmith,Saturday ,3658261
MeanderSmith,Saturday ,4285962
MeanderSmith,Saturday ,6476142
MeanderSmith,Saturday ,4029383
MeanderSmith,Saturday ,4166316
MeanderSmith,Saturday ,4370286
MeanderSmith,Saturday ,3265496
MeanderSmith,Saturday ,5380679
MeanderSmith,Saturday ,2615406
MeanderSmith,Saturday ,2914520
MeanderSmith,Saturday ,2710550
MichaelO'Leary,Saturday ,9596501
MichaelO'Leary,Saturday ,7142474
MichaelO'Leary,Saturday ,9605660
MichaelO'Leary,Saturday ,8735749
MichaelO'Leary,Saturday ,9614820
MichaelO'Leary,Saturday ,6977608
MichaelO'Leary,Saturday ,7014245
MichaelO'Leary,Saturday ,12206235
MichaelO'Leary,Saturday ,12187916
MichaelO'Leary,Saturday ,8726590
MichaelO'Leary,Saturday ,13030350
MichaelO'Leary,Saturday ,9596501
MichaelO'Leary,Saturday ,7911634
MichaelO'Leary,Saturday ,8772386
MichelDeFrance,Saturday ,25198479
MichelDeFrance,Saturday ,29950675
MichelDeFrance,Saturday ,43089807
MichelDeFrance,Saturday ,31455596
MichelDeFrance,Saturday ,34065563
MichelDeFrance,Saturday ,36038220
MichelDeFrance,Saturday ,40957100
MichelDeFrance,Saturday ,30527521
MichelDeFrance,Saturday ,34114973
MichelDeFrance,Saturday ,41667550
MichelDeFrance,Saturday ,40087366
MichelDeFrance,Saturday ,25182914
MichelDeFrance,Saturday ,28461321
MichelDeFrance,Saturday ,39777556
MorningstarGreene,Saturday ,5711896
MorningstarGreene,Saturday ,4331297
MorningstarGreene,Saturday ,3482026
MorningstarGreene,Saturday ,3510730
MorningstarGreene,Saturday ,4807213
MorningstarGreene,Saturday ,7003798
MorningstarGreene,Saturday ,4308651
MorningstarGreene,Saturday ,6392886
MorningstarGreene,Saturday ,3911420
MorningstarGreene,Saturday ,3510680
MorningstarGreene,Saturday ,5220280
MorningstarGreene,Saturday ,5286429
MorningstarGreene,Saturday ,3480843
MorningstarGreene,Saturday ,3640566
ReginaldBlotchet-Halls,Saturday ,6125778
ReginaldBlotchet-Halls,Saturday ,5795520
ReginaldBlotchet-Halls,Saturday ,5884278
ReginaldBlotchet-Halls,Saturday ,6068326
ReginaldBlotchet-Halls,Saturday ,6636138
ReginaldBlotchet-Halls,Saturday ,6198860
ReginaldBlotchet-Halls,Saturday ,7372320
ReginaldBlotchet-Halls,Saturday ,8026262
ReginaldBlotchet-Halls,Saturday ,6794086
ReginaldBlotchet-Halls,Saturday ,8193362
ReginaldBlotchet-Halls,Saturday ,8513154
ReginaldBlotchet-Halls,Saturday ,5816410
ReginaldBlotchet-Halls,Saturday ,6363332
ReginaldBlotchet-Halls,Saturday ,4663839
SherylHunter,Saturday ,12293798
SherylHunter,Saturday ,10270657
SherylHunter,Saturday ,9682946
SherylHunter,Saturday ,9889156
SherylHunter,Saturday ,12394124
SherylHunter,Saturday ,11792757
SherylHunter,Saturday ,9097186
SherylHunter,Saturday ,11814216
SherylHunter,Saturday ,10285970
SherylHunter,Saturday ,8442021
SherylHunter,Saturday ,9800536
SherylHunter,Saturday ,10748288
SherylHunter,Saturday ,5844531
SherylHunter,Saturday ,11446079
StearnsMacFeather,Saturday ,1549013
StearnsMacFeather,Saturday ,1815881
StearnsMacFeather,Saturday ,1740547
StearnsMacFeather,Saturday ,1241693
StearnsMacFeather,Saturday ,1774139
StearnsMacFeather,Saturday ,1485326
StearnsMacFeather,Saturday ,2740293
StearnsMacFeather,Saturday ,1622234
StearnsMacFeather,Saturday ,1490873
StearnsMacFeather,Saturday ,2820826
StearnsMacFeather,Saturday ,2595477
StearnsMacFeather,Saturday ,2583066
StearnsMacFeather,Saturday ,2270692
StearnsMacFeather,Saturday ,1893788
SylviaPanteley,Saturday ,6145872
SylviaPanteley,Saturday ,4041052
SylviaPanteley,Saturday ,4239566
SylviaPanteley,Saturday ,7277410
SylviaPanteley,Saturday ,7493592
SylviaPanteley,Saturday ,5516594
SylviaPanteley,Saturday ,8232302
SylviaPanteley,Saturday ,4789549
SylviaPanteley,Saturday ,5889995
SylviaPanteley,Saturday ,6689578
SylviaPanteley,Saturday ,8589636
SylviaPanteley,Saturday ,4654262
SylviaPanteley,Saturday ,5946466
SylviaPanteley,Saturday ,7592017
